Nome,Luogo,Cronologia,Antiquario,Collezionista,Galleria,Asta,Type,Schede,lat,lon
Agnew's,Londra,1851-2013,1.0,,,,A,http://catalogo.fondazionezeri.unibo.it/ricerca.v2.jsp?decorator=layout_resp&apply=true&percorso_ricerca=OA&sortby=LOCALIZZAZIONE&batch=10&view=list&locale=it&PVCS_PVCR_PVCP_PVCC_PVCL_LDCN_PRVS_PRVR_PRVP_PRVC_PRVL_PRCD=Agnew%27s,51.5073219,-0.1276474
Albrighi,Firenze,,1.0,,,,A,http://catalogo.fondazionezeri.unibo.it/ricerca.v2.jsp?decorator=layout_resp&apply=true&percorso_ricerca=OA&sortby=LOCALIZZAZIONE&batch=10&view=list&locale=it&PVCS_PVCR_PVCP_PVCC_PVCL_LDCN_PRVS_PRVR_PRVP_PRVC_PRVL_PRCD=Albrighi,43.7698712,11.2555757
Alfieri,Modena,,1.0,,,,A,P,44.5384728,10.935960870530739
Galleria Alfonsi,Vicenza,,1.0,,,,A,http://catalogo.fondazionezeri.unibo.it/ricerca.v2.jsp?decorator=layout_resp&apply=true&percorso_ricerca=OA&sortby=LOCALIZZAZIONE&batch=10&view=list&locale=it&PVCS_PVCR_PVCP_PVCC_PVCL_LDCN_PRVS_PRVR_PRVP_PRVC_PRVL_PRCD=Galleria+Alfonsi,45.63485905,11.40635425660249
Algranti,Milano,,1.0,,,,A,http://catalogo.fondazionezeri.unibo.it/ricerca.v2.jsp?decorator=layout_resp&apply=true&percorso_ricerca=OA&sortby=LOCALIZZAZIONE&batch=10&view=list&locale=it&PVCS_PVCR_PVCP_PVCC_PVCL_LDCN_PRVS_PRVR_PRVP_PRVC_PRVL_PRCD=algranti,45.4641943,9.1896346
Altomani & Co.,Pesaro,1977-,1.0,,,,A,http://catalogo.fondazionezeri.unibo.it/ricerca.v2.jsp?decorator=layout_resp&apply=true&percorso_ricerca=OA&sortby=LOCALIZZAZIONE&batch=10&view=list&locale=it&PVCS_PVCR_PVCP_PVCC_PVCL_LDCN_PRVS_PRVR_PRVP_PRVC_PRVL_PRCD=Altomani,43.9098114,12.9131228
Apolloni,Roma,1926-,1.0,,,,A,http://catalogo.fondazionezeri.unibo.it/scheda/opera/64808/Lint%20Hendrik%20Frans%20Van%2C%20Paesaggio%20con%20pastore%20e%20viandante,41.8933203,12.4829321
Appleby I.,Jersey,1930s-2009,1.0,,,,A,http://catalogo.fondazionezeri.unibo.it/ricerca.v2.jsp?decorator=layout_resp&apply=true&percorso_ricerca=OA&sortby=LOCALIZZAZIONE&batch=10&view=list&locale=it&PVCS_PVCR_PVCP_PVCC_PVCL_LDCN_PRVS_PRVR_PRVP_PRVC_PRVL_PRCD=Appleby,49.2214561,-2.1358386
Aprosio,Montecarlo,,,1.0,,,C,P,43.8511862,10.6676214
Armondi,Brescia,1985-,1.0,,,,A,http://catalogo.fondazionezeri.unibo.it/ricerca.v2.jsp?decorator=layout_resp&apply=true&percorso_ricerca=OA&sortby=LOCALIZZAZIONE&batch=10&view=list&locale=it&PVCS_PVCR_PVCP_PVCC_PVCL_LDCN_PRVS_PRVR_PRVP_PRVC_PRVL_PRCD=ARMONDI,45.77958045,10.4258729694612
Arnaboldi,Roma,,1.0,,,,A,P,41.8933203,12.4829321
Artemisia-Arte antica,Napoli,,1.0,,,,A,http://catalogo.fondazionezeri.unibo.it/ricerca.v2.jsp?decorator=layout_resp&apply=true&percorso_ricerca=OA&sortby=LOCALIZZAZIONE&batch=10&view=list&locale=it&PVCS_PVCR_PVCP_PVCC_PVCL_LDCN_PRVS_PRVR_PRVP_PRVC_PRVL_PRCD=Artemisia-Arte+Antica,40.8358846,14.2487679
Asscher and Welker,Londra,,,,,,no,http://catalogo.fondazionezeri.unibo.it/ricerca.v2.jsp?locale=it&decorator=layout_resp&apply=true&percorso_ricerca=OA&filtroprovenienza_OA=8109%7C1552&sortby=LOCALIZZAZIONE&batch=10,51.5073219,-0.1276474
Bacarelli,Firenze,1923-,1.0,,,,A,http://catalogo.fondazionezeri.unibo.it/ricerca.v2.jsp?decorator=layout_resp&apply=true&percorso_ricerca=OA&sortby=LOCALIZZAZIONE&batch=10&view=list&locale=it&PVCS_PVCR_PVCP_PVCC_PVCL_LDCN_PRVS_PRVR_PRVP_PRVC_PRVL_PRCD=Bacarelli,43.7698712,11.2555757
Baldo,Brescia,,1.0,,,,A,P,45.77958045,10.4258729694612
Baleni,Rimini,,1.0,,,,A,P,43.9470982,12.630768610516004
Baratti,Napoli,,1.0,,,,A,http://catalogo.fondazionezeri.unibo.it/ricerca.v2.jsp?decorator=layout_resp&apply=true&percorso_ricerca=OA&sortby=LOCALIZZAZIONE&batch=10&view=list&locale=it&PVCS_PVCR_PVCP_PVCC_PVCL_LDCN_PRVS_PRVR_PRVP_PRVC_PRVL_PRCD=V.+Baratti,40.8358846,14.2487679
Baroni,Firenze,1967-1982,1.0,,,,A,http://catalogo.fondazionezeri.unibo.it/ricerca.v2.jsp?decorator=layout_resp&apply=true&percorso_ricerca=OA&sortby=LOCALIZZAZIONE&batch=10&view=list&locale=it&PVCS_PVCR_PVCP_PVCC_PVCL_LDCN_PRVS_PRVR_PRVP_PRVC_PRVL_PRCD=baroni,43.7698712,11.2555757
Baroni,Londra,1982-,1.0,,,,A,http://catalogo.fondazionezeri.unibo.it/ricerca.v2.jsp?decorator=layout_resp&apply=true&percorso_ricerca=OA&sortby=LOCALIZZAZIONE&batch=10&view=list&locale=it&PVCS_PVCR_PVCP_PVCC_PVCL_LDCN_PRVS_PRVR_PRVP_PRVC_PRVL_PRCD=baroni,51.5073219,-0.1276474
Baroni,Parigi,1919-1967,1.0,,,,A,http://catalogo.fondazionezeri.unibo.it/ricerca.v2.jsp?decorator=layout_resp&apply=true&percorso_ricerca=OA&sortby=LOCALIZZAZIONE&batch=10&view=list&locale=it&PVCS_PVCR_PVCP_PVCC_PVCL_LDCN_PRVS_PRVR_PRVP_PRVC_PRVL_PRCD=baroni,48.8588897,2.3200410217200766
Barozzi,Venezia,,1.0,,,,A,P,45.4371908,12.3345898
Bellesi,Firenze,,1.0,,,,A,http://catalogo.fondazionezeri.unibo.it/ricerca.v2.jsp?decorator=layout_resp&apply=true&percorso_ricerca=OA&sortby=LOCALIZZAZIONE&batch=10&view=list&locale=it&PVCS_PVCR_PVCP_PVCC_PVCL_LDCN_PRVS_PRVR_PRVP_PRVC_PRVL_PRCD=Bellesi,43.7698712,11.2555757
Bellesi,Londra,,1.0,,,,A,http://catalogo.fondazionezeri.unibo.it/ricerca.v2.jsp?decorator=layout_resp&apply=true&percorso_ricerca=OA&sortby=LOCALIZZAZIONE&batch=10&view=list&locale=it&PVCS_PVCR_PVCP_PVCC_PVCL_LDCN_PRVS_PRVR_PRVP_PRVC_PRVL_PRCD=Bellesi,51.5073219,-0.1276474
Bellini,Firenze,,1.0,,,,A,http://catalogo.fondazionezeri.unibo.it/ricerca.v2.jsp?decorator=layout_resp&apply=true&percorso_ricerca=OA&sortby=LOCALIZZAZIONE&batch=10&view=list&locale=it&PVCS_PVCR_PVCP_PVCC_PVCL_LDCN_PRVS_PRVR_PRVP_PRVC_PRVL_PRCD=bellini,43.7698712,11.2555757
Galleria Benappi,Torino,1950s-2017,1.0,,,,A,http://catalogo.fondazionezeri.unibo.it/ricerca.v2.jsp?decorator=layout_resp&apply=true&percorso_ricerca=OA&sortby=LOCALIZZAZIONE&batch=10&view=list&locale=it&PVCS_PVCR_PVCP_PVCC_PVCL_LDCN_PRVS_PRVR_PRVP_PRVC_PRVL_PRCD=Benappi,45.0677551,7.6824892
Benappi Fine Arts,Londra,2017-,1.0,,,,A,http://catalogo.fondazionezeri.unibo.it/ricerca.v2.jsp?decorator=layout_resp&apply=true&percorso_ricerca=OA&sortby=LOCALIZZAZIONE&batch=10&view=list&locale=it&PVCS_PVCR_PVCP_PVCC_PVCL_LDCN_PRVS_PRVR_PRVP_PRVC_PRVL_PRCD=Benappi,51.5073219,-0.1276474
Benedict & Co.,Berlino,1923-1935,1.0,,,,A,http://catalogo.fondazionezeri.unibo.it/ricerca.v2.jsp?decorator=layout_resp&apply=true&percorso_ricerca=OA&sortby=LOCALIZZAZIONE&batch=10&view=list&locale=it&PVCS_PVCR_PVCP_PVCC_PVCL_LDCN_PRVS_PRVR_PRVP_PRVC_PRVL_PRCD=Benedict,52.5170365,13.3888599
Benucci,Roma,1980-,1.0,,,,A,http://catalogo.fondazionezeri.unibo.it/ricerca.v2.jsp?decorator=layout_resp&apply=true&percorso_ricerca=OA&sortby=LOCALIZZAZIONE&batch=10&view=list&locale=it&PVCS_PVCR_PVCP_PVCC_PVCL_LDCN_PRVS_PRVR_PRVP_PRVC_PRVL_PRCD=Galleria+d%27arte+Benucci,41.8933203,12.4829321
Bernardis,Torino,,1.0,,,,A,p,45.0677551,7.6824892
Bigetti,Roma,,1.0,,,,A,http://catalogo.fondazionezeri.unibo.it/ricerca.v2.jsp?decorator=layout_resp&apply=true&percorso_ricerca=OA&sortby=LOCALIZZAZIONE&batch=10&view=list&locale=it&PVCS_PVCR_PVCP_PVCC_PVCL_LDCN_PRVS_PRVR_PRVP_PRVC_PRVL_PRCD=Bigetti,41.8933203,12.4829321
Bocchi,Casalmaggiore,1984-,1.0,,,,A,http://catalogo.fondazionezeri.unibo.it/ricerca.v2.jsp?decorator=layout_resp&apply=true&percorso_ricerca=OA&sortby=LOCALIZZAZIONE&batch=10&view=list&locale=it&PVCS_PVCR_PVCP_PVCC_PVCL_LDCN_PRVS_PRVR_PRVP_PRVC_PRVL_PRCD=Galleria+D%27Orlane,44.9863857,10.4153504
Bocciarelli,Siena,,1.0,,,,A,P,43.1672254,11.467181161339118
Böhler,Lucerna,1880-,1.0,,,,A,http://catalogo.fondazionezeri.unibo.it/ricerca.v2.jsp?decorator=layout_resp&apply=true&percorso_ricerca=OA&sortby=LOCALIZZAZIONE&batch=10&view=list&locale=it&PVCS_PVCR_PVCP_PVCC_PVCL_LDCN_PRVS_PRVR_PRVP_PRVC_PRVL_PRCD=B%C3%B6hler,47.0505452,8.3054682
Bompani,Parma,,1.0,,,,A,P,44.8013678,10.3280833
Borghi,New York,,1.0,,,,A,P,40.7127281,-74.0060152
Bottenwieser,Berlino,1917-1928 ,1.0,,,,A,P,52.5170365,13.3888599
Bracaglia,Roma,,1.0,,,,A,http://catalogo.fondazionezeri.unibo.it/ricerca.v2.jsp?decorator=layout_resp&apply=true&percorso_ricerca=OA&sortby=LOCALIZZAZIONE&batch=10&view=list&locale=it&PVCS_PVCR_PVCP_PVCC_PVCL_LDCN_PRVS_PRVR_PRVP_PRVC_PRVL_PRCD=Bracaglia,41.8933203,12.4829321
Bracaglia B.,Londra,,1.0,,,,A,,51.5073219,-0.1276474
Brimo de Laroussilhe,Parigi,1908-,1.0,,,,A,http://catalogo.fondazionezeri.unibo.it/ricerca.v2.jsp?decorator=layout_resp&apply=true&percorso_ricerca=OA&sortby=LOCALIZZAZIONE&batch=10&view=list&locale=it&PVCS_PVCR_PVCP_PVCC_PVCL_LDCN_PRVS_PRVR_PRVP_PRVC_PRVL_PRCD=Brimo+de+Laroussilhe,48.8588897,2.3200410217200766
Brisigotti,Londra,,1.0,,,,A,http://catalogo.fondazionezeri.unibo.it/ricerca.v2.jsp?decorator=layout_resp&apply=true&percorso_ricerca=OA&sortby=LOCALIZZAZIONE&batch=10&view=list&locale=it&PVCS_PVCR_PVCP_PVCC_PVCL_LDCN_PRVS_PRVR_PRVP_PRVC_PRVL_PRCD=Brisigotti,51.5073219,-0.1276474
Bruni,Roma,,1.0,,,,A,P,41.8933203,12.4829321
Bruschi,Firenze,-1973,1.0,,,,A,http://catalogo.fondazionezeri.unibo.it/ricerca.v2.jsp?decorator=layout_resp&apply=true&percorso_ricerca=OA&sortby=LOCALIZZAZIONE&batch=10&view=list&locale=it&PVCS_PVCR_PVCP_PVCC_PVCL_LDCN_PRVS_PRVR_PRVP_PRVC_PRVL_PRCD=Bruschi&page=1&filtroprovenienza_OA=4950%7C10397,43.7698712,11.2555757
Bucarelli,Firenze,,1.0,,,,A,P,43.7698712,11.2555757
Campacci,Firenze,,1.0,,,,A,P,43.7698712,11.2555757
Candiani,Milano,,1.0,,,,A,http://catalogo.fondazionezeri.unibo.it/ricerca.v2.jsp?decorator=layout_resp&apply=true&percorso_ricerca=OA&sortby=LOCALIZZAZIONE&batch=10&view=list&locale=it&PVCS_PVCR_PVCP_PVCC_PVCL_LDCN_PRVS_PRVR_PRVP_PRVC_PRVL_PRCD=Candiani&page=1&filtrolocalizzazione_OA=7526%7C9967,45.4641943,9.1896346
Canessa,Milano,,1.0,,,,A,http://catalogo.fondazionezeri.unibo.it/ricerca.v2.jsp?decorator=layout_resp&apply=true&percorso_ricerca=OA&sortby=LOCALIZZAZIONE&batch=10&view=list&locale=it&PVCS_PVCR_PVCP_PVCC_PVCL_LDCN_PRVS_PRVR_PRVP_PRVC_PRVL_PRCD=Canessa&page=1&filtroprovenienza_OA=4531%7C1613,45.4641943,9.1896346
Canessa,Parigi,,1.0,,,,A,,48.8588897,2.3200410217200766
Cantarini Antichità,Pollenza (MC),,1.0,,,,A,P,43.2677749,13.3477918
Cantore,Modena,1970-,1.0,,,,A,P,44.5384728,10.935960870530739
Cappuzzo,Firenze,,1.0,,,,A,P,43.7698712,11.2555757
Carloni,Assisi,,1.0,,,,A,P,43.0711952,12.6146669
Carnevali,Firenze,,1.0,,,,A,P,43.7698712,11.2555757
Carretto G.,Torino,,1.0,,,,A,P,45.0677551,7.6824892
Castellini,Brescia,1973-,1.0,,,,A,P,45.77958045,10.4258729694612
Cavicchi,Ferrara,,1.0,,,,A,P,44.766764249999994,11.827938995640167
Cei,Firenze,1902-,1.0,,,,A,http://catalogo.fondazionezeri.unibo.it/ricerca.v2.jsp?decorator=layout_resp&apply=true&percorso_ricerca=OA&sortby=LOCALIZZAZIONE&batch=10&view=list&locale=it&PVCS_PVCR_PVCP_PVCC_PVCL_LDCN_PRVS_PRVR_PRVP_PRVC_PRVL_PRCD=CEI,43.7698712,11.2555757
Cellini Mario,Roma,,1.0,,,,A,http://catalogo.fondazionezeri.unibo.it/ricerca.v2.jsp?decorator=layout_resp&apply=true&percorso_ricerca=OA&sortby=LOCALIZZAZIONE&batch=10&view=list&locale=it&PVCS_PVCR_PVCP_PVCC_PVCL_LDCN_PRVS_PRVR_PRVP_PRVC_PRVL_PRCD=cellini&page=1&filtroprovenienza_OA=4531%7C3703,41.8933203,12.4829321
Cera Adriano,Bologna,1938-2021,1.0,,,,A,http://catalogo.fondazionezeri.unibo.it/ricerca.v2.jsp?decorator=layout_resp&apply=true&percorso_ricerca=OA&sortby=LOCALIZZAZIONE&batch=10&view=list&locale=it&PVCS_PVCR_PVCP_PVCC_PVCL_LDCN_PRVS_PRVR_PRVP_PRVC_PRVL_PRCD=cera,44.4938203,11.3426327
Chaucer,Londra,1977-2017,1.0,,,,A,http://catalogo.fondazionezeri.unibo.it/ricerca.v2.jsp?decorator=layout_resp&apply=true&percorso_ricerca=OA&sortby=LOCALIZZAZIONE&batch=10&view=list&locale=it&PVCS_PVCR_PVCP_PVCC_PVCL_LDCN_PRVS_PRVR_PRVP_PRVC_PRVL_PRCD=Chaucer+Fine+Arts,51.5073219,-0.1276474
Ciaccio,Milano,,1.0,,,,A,,45.4641943,9.1896346
Ciaroni,Pesaro,,1.0,,,,A,P,43.9098114,12.9131228
Codognato,Firenze,,1.0,,,,A,P,43.7698712,11.2555757
Cohen,Londra,,1.0,,,,A,http://catalogo.fondazionezeri.unibo.it/ricerca.v2.jsp?decorator=layout_resp&apply=true&percorso_ricerca=OA&sortby=LOCALIZZAZIONE&batch=10&view=list&locale=it&PVCS_PVCR_PVCP_PVCC_PVCL_LDCN_PRVS_PRVR_PRVP_PRVC_PRVL_PRCD=cohen,51.5073219,-0.1276474
Colnaghi,Londra,1790-,1.0,,,,A,http://catalogo.fondazionezeri.unibo.it/ricerca.v2.jsp?decorator=layout_resp&apply=true&percorso_ricerca=OA&sortby=LOCALIZZAZIONE&batch=10&view=list&locale=it&PVCS_PVCR_PVCP_PVCC_PVCL_LDCN_PRVS_PRVR_PRVP_PRVC_PRVL_PRCD=colnaghi,51.5073219,-0.1276474
Colombari,Torino,-2019,1.0,,,,A,http://catalogo.fondazionezeri.unibo.it/ricerca.v2.jsp?decorator=layout_resp&apply=true&percorso_ricerca=OA&sortby=LOCALIZZAZIONE&batch=10&view=list&locale=it&PVCS_PVCR_PVCP_PVCC_PVCL_LDCN_PRVS_PRVR_PRVP_PRVC_PRVL_PRCD=colombari,45.0677551,7.6824892
Consigli,Parma,1958-,1.0,,,,A,http://catalogo.fondazionezeri.unibo.it/ricerca.v2.jsp?decorator=layout_resp&apply=true&percorso_ricerca=OA&sortby=LOCALIZZAZIONE&batch=10&view=list&locale=it&PVCS_PVCR_PVCP_PVCC_PVCL_LDCN_PRVS_PRVR_PRVP_PRVC_PRVL_PRCD=Consigli&page=1&filtrolocalizzazione_OA=5602%7C9677,44.8013678,10.3280833
Conti,Roma,,1.0,,,,A,P,41.8933203,12.4829321
Contini Bonacossi,Firenze,1918-1955,1.0,,,,A C,http://catalogo.fondazionezeri.unibo.it/ricerca.v2.jsp?decorator=layout_resp&apply=true&percorso_ricerca=OA&sortby=LOCALIZZAZIONE&batch=10&view=list&locale=it&PVCS_PVCR_PVCP_PVCC_PVCL_LDCN_PRVS_PRVR_PRVP_PRVC_PRVL_PRCD=Contini+Bonacossi,43.7698712,11.2555757
Corsini P.,Firenze,1956-1997,1.0,,,,A,,43.7698712,11.2555757
Corsini P.,Monaco,1997-2001,1.0,,,,A,http://catalogo.fondazionezeri.unibo.it/ricerca.v2.jsp?decorator=layout_resp&apply=true&percorso_ricerca=OA&sortby=LOCALIZZAZIONE&batch=10&view=list&locale=it&PVCS_PVCR_PVCP_PVCC_PVCL_LDCN_PRVS_PRVR_PRVP_PRVC_PRVL_PRCD=corsini&page=1&filtrolocalizzazione_OA=9127%7C8926,43.7323492,7.4276832
Corsini P.,New York,1981-2001,1.0,,,,A,http://catalogo.fondazionezeri.unibo.it/ricerca.v2.jsp?decorator=layout_resp&apply=true&percorso_ricerca=OA&sortby=LOCALIZZAZIONE&batch=10&view=list&locale=it&PVCS_PVCR_PVCP_PVCC_PVCL_LDCN_PRVS_PRVR_PRVP_PRVC_PRVL_PRCD=corsini&page=1&filtroprovenienza_OA=8141%7C716,40.7127281,-74.0060152
Costantini,Roma,,1.0,,,,A,http://catalogo.fondazionezeri.unibo.it/ricerca.v2.jsp?decorator=layout_resp&apply=true&percorso_ricerca=OA&sortby=LOCALIZZAZIONE&batch=10&view=list&locale=it&PVCS_PVCR_PVCP_PVCC_PVCL_LDCN_PRVS_PRVR_PRVP_PRVC_PRVL_PRCD=COSTANTINI&page=1&filtroprovenienza_OA=4531%7C9393,41.8933203,12.4829321
Cribiori,Milano,,1.0,,,,A,http://catalogo.fondazionezeri.unibo.it/ricerca.v2.jsp?decorator=layout_resp&apply=true&percorso_ricerca=OA&sortby=LOCALIZZAZIONE&batch=10&view=list&locale=it&PVCS_PVCR_PVCP_PVCC_PVCL_LDCN_PRVS_PRVR_PRVP_PRVC_PRVL_PRCD=Cribiori,45.4641943,9.1896346
D’Atri,Parigi,,1.0,,,,A,http://catalogo.fondazionezeri.unibo.it/ricerca.v2.jsp?decorator=layout_resp&apply=true&percorso_ricerca=OA&sortby=LOCALIZZAZIONE&batch=10&view=list&locale=it&PVCS_PVCR_PVCP_PVCC_PVCL_LDCN_PRVS_PRVR_PRVP_PRVC_PRVL_PRCD=D%27Atri,48.8588897,2.3200410217200766
Dal Pozzo,Milano,,1.0,,,,A,http://catalogo.fondazionezeri.unibo.it/ricerca.v2.jsp?decorator=layout_resp&apply=true&percorso_ricerca=OA&sortby=LOCALIZZAZIONE&batch=10&view=list&locale=it&PVCS_PVCR_PVCP_PVCC_PVCL_LDCN_PRVS_PRVR_PRVP_PRVC_PRVL_PRCD=L.+Dal+Pozzo,45.4641943,9.1896346
D'Alessandro,Spoleto,,1.0,,,,A,P,42.7355124,12.7363357
Dall'Oglio,Milano,,1.0,,,,A,P,45.4641943,9.1896346
Damiano F.lli,Rivoli (TO),,1.0,,,,A,P,45.0697151,7.5176764
Daninos,Firenze,,1.0,,,,A,http://catalogo.fondazionezeri.unibo.it/scheda/opera/72404/Varotti%20Giuseppe%2C%20Morte%20di%20san%20Benedetto,43.7698712,11.2555757
Datrino,Torre Canavese (TO),,1.0,,,,A,http://catalogo.fondazionezeri.unibo.it/ricerca.v2.jsp?decorator=layout_resp&apply=true&percorso_ricerca=OA&sortby=LOCALIZZAZIONE&batch=10&view=list&locale=it&PVCS_PVCR_PVCP_PVCC_PVCL_LDCN_PRVS_PRVR_PRVP_PRVC_PRVL_PRCD=Datrino,45.392056,7.759818
De Carlo,Firenze,,1.0,,,,A,http://catalogo.fondazionezeri.unibo.it/ricerca.v2.jsp?decorator=layout_resp&apply=true&percorso_ricerca=OA&sortby=LOCALIZZAZIONE&batch=10&view=list&locale=it&PVCS_PVCR_PVCP_PVCC_PVCL_LDCN_PRVS_PRVR_PRVP_PRVC_PRVL_PRCD=de+carlo,43.7698712,11.2555757
De Clemente,Firenze,,1.0,,,,A,http://catalogo.fondazionezeri.unibo.it/ricerca.v2.jsp?decorator=layout_resp&apply=true&percorso_ricerca=OA&sortby=LOCALIZZAZIONE&batch=10&view=list&locale=it&PVCS_PVCR_PVCP_PVCC_PVCL_LDCN_PRVS_PRVR_PRVP_PRVC_PRVL_PRCD=de+clemente,43.7698712,11.2555757
De Filippo,Napoli,,1.0,,,,A,P,40.8358846,14.2487679
Devoto Giorgio,Genova,,1.0,,,,A,P,44.40726,8.9338624
Di Castro,Roma,1878-,1.0,,,,A,http://catalogo.fondazionezeri.unibo.it/ricerca.v2.jsp?decorator=layout_resp&apply=true&percorso_ricerca=OA&sortby=LOCALIZZAZIONE&batch=10&view=list&locale=it&PVCS_PVCR_PVCP_PVCC_PVCL_LDCN_PRVS_PRVR_PRVP_PRVC_PRVL_PRCD=di+castro,41.8933203,12.4829321
De Clemente,Firenze,,1.0,,,,A,http://catalogo.fondazionezeri.unibo.it/ricerca.v2.jsp?decorator=layout_resp&apply=true&percorso_ricerca=OA&sortby=LOCALIZZAZIONE&batch=10&view=list&locale=it&PVCS_PVCR_PVCP_PVCC_PVCL_LDCN_PRVS_PRVR_PRVP_PRVC_PRVL_PRCD=De%20Clemente&page=1&filtroprovenienza_OA=4950%7C122,43.7698712,11.2555757
Di Nepi,Roma,,1.0,,,,A,P,41.8933203,12.4829321
Dick J.,Vevey,,1.0,,,,A,P,46.4602978,6.8418655
Douwes,Amsterdam,1777-,1.0,,,,A,http://catalogo.fondazionezeri.unibo.it/ricerca.v2.jsp?decorator=layout_resp&apply=true&percorso_ricerca=OA&sortby=LOCALIZZAZIONE&batch=10&view=list&locale=it&PVCS_PVCR_PVCP_PVCC_PVCL_LDCN_PRVS_PRVR_PRVP_PRVC_PRVL_PRCD=Douwes,52.3727598,4.8936041
Drey Paul,New York,1885-1953,1.0,,,,A,http://catalogo.fondazionezeri.unibo.it/ricerca.v2.jsp?decorator=layout_resp&apply=true&percorso_ricerca=OA&sortby=LOCALIZZAZIONE&batch=10&view=list&locale=it&PVCS_PVCR_PVCP_PVCC_PVCL_LDCN_PRVS_PRVR_PRVP_PRVC_PRVL_PRCD=Paul+Drey+Gallery,40.7127281,-74.0060152
Drey Aaron,Monaco di Baviera,,1.0,,,,A,http://catalogo.fondazionezeri.unibo.it/ricerca.v2.jsp?decorator=layout_resp&apply=true&percorso_ricerca=OA&sortby=LOCALIZZAZIONE&batch=10&view=list&locale=it&PVCS_PVCR_PVCP_PVCC_PVCL_LDCN_PRVS_PRVR_PRVP_PRVC_PRVL_PRCD=A.S.%20Drey&page=1&filtroprovenienza_OA=8115%7C6719,48.1371079,11.5753822
Drey Margaret,New York,1901-1964,1.0,,,,A,http://catalogo.fondazionezeri.unibo.it/ricerca.v2.jsp?locale=it&decorator=layout_resp&apply=true&percorso_ricerca=OA&filtrolocalizzazione_OA=8141%7C10436&sortby=LOCALIZZAZIONE&batch=10,40.7127281,-74.0060152
Durlacher,Londra,,1.0,,,,A,http://catalogo.fondazionezeri.unibo.it/ricerca.v2.jsp?decorator=layout_resp&apply=true&percorso_ricerca=OA&sortby=LOCALIZZAZIONE&batch=10&view=list&locale=it&PVCS_PVCR_PVCP_PVCC_PVCL_LDCN_PRVS_PRVR_PRVP_PRVC_PRVL_PRCD=Durlacher+Brothers,51.5073219,-0.1276474
Duse,Brescia,,1.0,,,,A,P,45.77958045,10.4258729694612
Duveen,New York,,1.0,,,,A,http://catalogo.fondazionezeri.unibo.it/ricerca.v2.jsp?decorator=layout_resp&apply=true&percorso_ricerca=OA&sortby=LOCALIZZAZIONE&batch=10&view=list&locale=it&PVCS_PVCR_PVCP_PVCC_PVCL_LDCN_PRVS_PRVR_PRVP_PRVC_PRVL_PRCD=Duveen+Brothers%2C+Inc.,40.7127281,-74.0060152
Esposito Franco Bruno,Modena,,1.0,,,,A,http://catalogo.fondazionezeri.unibo.it/ricerca.v2.jsp?decorator=layout_resp&apply=true&percorso_ricerca=OA&sortby=LOCALIZZAZIONE&batch=10&view=list&locale=it&PVCS_PVCR_PVCP_PVCC_PVCL_LDCN_PRVS_PRVR_PRVP_PRVC_PRVL_PRCD=Esposito,44.5384728,10.935960870530739
Etro Roberta,Milano,,1.0,,,,A,P,45.4641943,9.1896346
Eusebi,Fano (PU),,1.0,,,,A,http://catalogo.fondazionezeri.unibo.it/ricerca.v2.jsp?decorator=layout_resp&apply=true&percorso_ricerca=OA&sortby=LOCALIZZAZIONE&batch=10&view=list&locale=it&PVCS_PVCR_PVCP_PVCC_PVCL_LDCN_PRVS_PRVR_PRVP_PRVC_PRVL_PRCD=Eusebi,43.8424173,13.0146632
Falanga,Milano,,1.0,,,,A,http://catalogo.fondazionezeri.unibo.it/ricerca.v2.jsp?decorator=layout_resp&apply=true&percorso_ricerca=OA&sortby=LOCALIZZAZIONE&batch=10&view=list&locale=it&PVCS_PVCR_PVCP_PVCC_PVCL_LDCN_PRVS_PRVR_PRVP_PRVC_PRVL_PRCD=Falanga,45.4641943,9.1896346
Falanga,Napoli,,1.0,,,,A,http://catalogo.fondazionezeri.unibo.it/ricerca.v2.jsp?decorator=layout_resp&apply=true&percorso_ricerca=OA&sortby=LOCALIZZAZIONE&batch=10&view=list&locale=it&PVCS_PVCR_PVCP_PVCC_PVCL_LDCN_PRVS_PRVR_PRVP_PRVC_PRVL_PRCD=FALANGA,40.8358846,14.2487679
Falckenberg,Zurigo,,1.0,,,,A,P,47.3744489,8.5410422
Faldella,Bologna,,1.0,,,,A,http://catalogo.fondazionezeri.unibo.it/ricerca.v2.jsp?locale=it&decorator=layout_resp&apply=true&percorso_ricerca=OA&filtroprovenienza_OA=5412%7C3994&sortby=LOCALIZZAZIONE&batch=10,44.4938203,11.3426327
Faldella,Roma,,1.0,,,,A,http://catalogo.fondazionezeri.unibo.it/ricerca.v2.jsp?locale=it&decorator=layout_resp&apply=true&percorso_ricerca=OA&filtroprovenienza_OA=4531%7C3994&sortby=LOCALIZZAZIONE&batch=10,41.8933203,12.4829321
Fangoli,Foligno,,1.0,,,,A,P,42.9561825,12.703334
Farsetti,Prato,1955-,1.0,,,,A,http://catalogo.fondazionezeri.unibo.it/ricerca.v2.jsp?decorator=layout_resp&apply=true&percorso_ricerca=OA&sortby=LOCALIZZAZIONE&batch=10&view=list&locale=it&PVCS_PVCR_PVCP_PVCC_PVCL_LDCN_PRVS_PRVR_PRVP_PRVC_PRVL_PRCD=Farsetti+Arte,43.935718050000006,11.09414726770089
Fassini,Roma,,,1.0,,,C,http://catalogo.fondazionezeri.unibo.it/ricerca.v2.jsp?decorator=layout_resp&apply=true&percorso_ricerca=OA&sortby=LOCALIZZAZIONE&batch=10&view=list&locale=it&PVCS_PVCR_PVCP_PVCC_PVCL_LDCN_PRVS_PRVR_PRVP_PRVC_PRVL_PRCD=Fassini&page=1&filtroprovenienza_OA=4531%7C2001,41.8933203,12.4829321
Feigen,New York,1930-2021,1.0,,,,A,http://catalogo.fondazionezeri.unibo.it/ricerca.v2.jsp?decorator=layout_resp&apply=true&percorso_ricerca=OA&sortby=LOCALIZZAZIONE&batch=10&view=list&locale=it&PVCS_PVCR_PVCP_PVCC_PVCL_LDCN_PRVS_PRVR_PRVP_PRVC_PRVL_PRCD=Richard+L.+Feigen+%26+Co.,40.7127281,-74.0060152
Feilchenfeldt,Zurigo,,1.0,,,,A,P,47.3744489,8.5410422
Ferrante,Roma,,1.0,,,,A,P,41.8933203,12.4829321
Fiorini,Roma,,1.0,,,,A,http://catalogo.fondazionezeri.unibo.it/ricerca.v2.jsp?decorator=layout_resp&apply=true&percorso_ricerca=OA&sortby=LOCALIZZAZIONE&batch=10&view=list&locale=it&PVCS_PVCR_PVCP_PVCC_PVCL_LDCN_PRVS_PRVR_PRVP_PRVC_PRVL_PRCD=Fiorini&page=1&filtroprovenienza_OA=4531%7C9029,41.8933203,12.4829321
Fischer,Lucerna,1907-,1.0,,,,A,http://catalogo.fondazionezeri.unibo.it/ricerca.v2.jsp?decorator=layout_resp&apply=true&percorso_ricerca=OA&sortby=LOCALIZZAZIONE&batch=10&view=list&locale=it&PVCS_PVCR_PVCP_PVCC_PVCL_LDCN_PRVS_PRVR_PRVP_PRVC_PRVL_PRCD=Fischer,47.0505452,8.3054682
Fiumicelli,Bologna,,1.0,,,,A,http://catalogo.fondazionezeri.unibo.it/ricerca.v2.jsp?locale=it&decorator=layout_resp&apply=true&percorso_ricerca=OA&filtroprovenienza_OA=0%7C10345&sortby=LOCALIZZAZIONE&batch=10,44.4938203,11.3426327
Frascione V.,Firenze,,1.0,,,,A,http://catalogo.fondazionezeri.unibo.it/ricerca.v2.jsp?decorator=layout_resp&apply=true&percorso_ricerca=OA&sortby=LOCALIZZAZIONE&batch=10&view=list&locale=it&PVCS_PVCR_PVCP_PVCC_PVCL_LDCN_PRVS_PRVR_PRVP_PRVC_PRVL_PRCD=FRASCIONE,43.7698712,11.2555757
Frascione Enrico,Firenze,,1.0,,,,A,http://catalogo.fondazionezeri.unibo.it/ricerca.v2.jsp?decorator=layout_resp&apply=true&percorso_ricerca=OA&sortby=LOCALIZZAZIONE&batch=10&view=list&locale=it&PVCS_PVCR_PVCP_PVCC_PVCL_LDCN_PRVS_PRVR_PRVP_PRVC_PRVL_PRCD=FRASCIONE,43.7698712,11.2555757
Frascione Arte,Firenze,2009-,1.0,,,,A,,43.7698712,11.2555757
French & Co.,New York,1950-,1.0,,,,A,http://catalogo.fondazionezeri.unibo.it/ricerca.v2.jsp?decorator=layout_resp&apply=true&percorso_ricerca=OA&sortby=LOCALIZZAZIONE&batch=10&view=list&locale=it&PVCS_PVCR_PVCP_PVCC_PVCL_LDCN_PRVS_PRVR_PRVP_PRVC_PRVL_PRCD=French+%26+Co.,40.7127281,-74.0060152
Freschi,Firenze,,1.0,,,,A,http://catalogo.fondazionezeri.unibo.it/ricerca.v2.jsp?decorator=layout_resp&apply=true&percorso_ricerca=OA&sortby=LOCALIZZAZIONE&batch=10&view=list&locale=it&PVCS_PVCR_PVCP_PVCC_PVCL_LDCN_PRVS_PRVR_PRVP_PRVC_PRVL_PRCD=Freschi,43.7698712,11.2555757
Funaro Arrigo,Torino,,1.0,,,,A,P,45.0677551,7.6824892
Funghini,Firenze,-2010,1.0,,,,A,P,43.7698712,11.2555757
Galli,Carate Brianza,,1.0,,,,A,http://catalogo.fondazionezeri.unibo.it/ricerca.v2.jsp?decorator=layout_resp&apply=true&percorso_ricerca=OA&sortby=LOCALIZZAZIONE&batch=10&view=list&locale=it&PVCS_PVCR_PVCP_PVCC_PVCL_LDCN_PRVS_PRVR_PRVP_PRVC_PRVL_PRCD=Galli,45.6765494,9.2371619
Gallino,Torino,1940-2011,1.0,,,,A,http://catalogo.fondazionezeri.unibo.it/ricerca.v2.jsp?decorator=layout_resp&apply=true&percorso_ricerca=OA&sortby=LOCALIZZAZIONE&batch=10&view=list&locale=it&PVCS_PVCR_PVCP_PVCC_PVCL_LDCN_PRVS_PRVR_PRVP_PRVC_PRVL_PRCD=Gallino,45.0677551,7.6824892
Gallo,Milano,2016-,1.0,,,,A,P,45.4641943,9.1896346
Gallo Graziano,Solesino,1980-,1.0,,,,A,http://catalogo.fondazionezeri.unibo.it/ricerca.v2.jsp?decorator=layout_resp&apply=true&percorso_ricerca=OA&sortby=LOCALIZZAZIONE&batch=10&view=list&locale=it&PVCS_PVCR_PVCP_PVCC_PVCL_LDCN_PRVS_PRVR_PRVP_PRVC_PRVL_PRCD=Gallo&page=1&filtrolocalizzazione_OA=5916%7C3001,45.1773324,11.7433722
Gasparini,Porto Recanati (AN),,1.0,,,,A,P,43.419855,13.5922903
Gasparrini,Roma,-2017,1.0,,,,A,http://catalogo.fondazionezeri.unibo.it/ricerca.v2.jsp?decorator=layout_resp&apply=true&percorso_ricerca=OA&sortby=LOCALIZZAZIONE&batch=10&view=list&locale=it&PVCS_PVCR_PVCP_PVCC_PVCL_LDCN_PRVS_PRVR_PRVP_PRVC_PRVL_PRCD=gasparrini,41.8933203,12.4829321
Gaudenzi Emanuele,Faenza (RA),1956-,1.0,,,,A,P,44.2855555,11.8832055
Gelardini,Roma,1940s-1980s,1.0,,,,"A, CdA",http://catalogo.fondazionezeri.unibo.it/ricerca.v2.jsp?decorator=layout_resp&apply=true&percorso_ricerca=OA&sortby=LOCALIZZAZIONE&batch=10&view=list&locale=it&PVCS_PVCR_PVCP_PVCC_PVCL_LDCN_PRVS_PRVR_PRVP_PRVC_PRVL_PRCD=Gelardini,41.8933203,12.4829321
Gensini,Firenze,,1.0,,,,A,P,43.7698712,11.2555757
Gentilini,Firenze,,1.0,,,,A,P,43.7698712,11.2555757
Geri,Milano,,1.0,,,,"A, CdA",http://catalogo.fondazionezeri.unibo.it/ricerca.v2.jsp?decorator=layout_resp&apply=true&percorso_ricerca=OA&sortby=LOCALIZZAZIONE&batch=10&view=list&locale=it&PVCS_PVCR_PVCP_PVCC_PVCL_LDCN_PRVS_PRVR_PRVP_PRVC_PRVL_PRCD=galleria+d%27arte+geri,45.4641943,9.1896346
Giacomelli,Firenze,,1.0,,,,A,http://catalogo.fondazionezeri.unibo.it/ricerca.v2.jsp?decorator=layout_resp&apply=true&percorso_ricerca=OA&sortby=LOCALIZZAZIONE&batch=10&view=list&locale=it&PVCS_PVCR_PVCP_PVCC_PVCL_LDCN_PRVS_PRVR_PRVP_PRVC_PRVL_PRCD=Giacomelli,43.7698712,11.2555757
Gianetti,Milano,,1.0,,,,A,http://catalogo.fondazionezeri.unibo.it/ricerca.v2.jsp?decorator=layout_resp&apply=true&percorso_ricerca=OA&sortby=LOCALIZZAZIONE&batch=10&view=list&locale=it&PVCS_PVCR_PVCP_PVCC_PVCL_LDCN_PRVS_PRVR_PRVP_PRVC_PRVL_PRCD=Gianetti,45.4641943,9.1896346
Gibbs C.,Londra,1938-2018,1.0,,,,A,http://catalogo.fondazionezeri.unibo.it/ricerca.v2.jsp?decorator=layout_resp&apply=true&percorso_ricerca=OA&sortby=LOCALIZZAZIONE&batch=10&view=list&locale=it&PVCS_PVCR_PVCP_PVCC_PVCL_LDCN_PRVS_PRVR_PRVP_PRVC_PRVL_PRCD=C.+Gibbs,51.5073219,-0.1276474
Giordano,Torino e Venezia,,1.0,,,,A,http://catalogo.fondazionezeri.unibo.it/ricerca.v2.jsp?decorator=layout_resp&apply=true&percorso_ricerca=OA&sortby=LOCALIZZAZIONE&batch=10&view=list&locale=it&PVCS_PVCR_PVCP_PVCC_PVCL_LDCN_PRVS_PRVR_PRVP_PRVC_PRVL_PRCD=Giordano,45.0920016,7.6796567
Giorgi,Ospedaletti (IM),,1.0,,,,A,P,43.8020802,7.7181662
Galerie Georges Giroux,Bruxelles,1912-1960,1.0,,,,CdA,http://catalogo.fondazionezeri.unibo.it/ricerca.v2.jsp?decorator=layout_resp&apply=true&percorso_ricerca=OA&sortby=LOCALIZZAZIONE&batch=10&view=list&locale=it&PVCS_PVCR_PVCP_PVCC_PVCL_LDCN_PRVS_PRVR_PRVP_PRVC_PRVL_PRCD=Asta%20Galerie%20Georges%20Giroux&page=1&filtroprovenienza_OA=8163%7C6702,50.8465573,4.351697
Gismondi,Parigi,1966-,1.0,,,,A,http://catalogo.fondazionezeri.unibo.it/ricerca.v2.jsp?decorator=layout_resp&apply=true&percorso_ricerca=OA&sortby=LOCALIZZAZIONE&batch=10&view=list&locale=it&PVCS_PVCR_PVCP_PVCC_PVCL_LDCN_PRVS_PRVR_PRVP_PRVC_PRVL_PRCD=Gismondi,48.8588897,2.3200410217200766
Goudstikker,Amsterdam,1897-1940,1.0,,,,A,http://catalogo.fondazionezeri.unibo.it/ricerca.v2.jsp?decorator=layout_resp&apply=true&percorso_ricerca=OA&sortby=LOCALIZZAZIONE&batch=10&view=list&locale=it&PVCS_PVCR_PVCP_PVCC_PVCL_LDCN_PRVS_PRVR_PRVP_PRVC_PRVL_PRCD=J.+Goudstikker,52.3727598,4.8936041
Governale,Palermo,1964-2008,1.0,,,,A,P,38.1112268,13.3524434
Grassi,Firenze,,1.0,,,,A,http://catalogo.fondazionezeri.unibo.it/ricerca.v2.jsp?decorator=layout_resp&apply=true&percorso_ricerca=OA&sortby=LOCALIZZAZIONE&batch=10&view=list&locale=it&PVCS_PVCR_PVCP_PVCC_PVCL_LDCN_PRVS_PRVR_PRVP_PRVC_PRVL_PRCD=Grassi&page=1&filtrolocalizzazione_OA=4531%7C1745,43.7698712,11.2555757
Guidi,Firenze,,1.0,,,,A,http://catalogo.fondazionezeri.unibo.it/ricerca.v2.jsp?decorator=layout_resp&apply=true&percorso_ricerca=OA&sortby=LOCALIZZAZIONE&batch=10&view=list&locale=it&PVCS_PVCR_PVCP_PVCC_PVCL_LDCN_PRVS_PRVR_PRVP_PRVC_PRVL_PRCD=guidi&page=1&filtroprovenienza_OA=4950%7C2023,43.7698712,11.2555757
Guredda,Roma,,1.0,,,,A,http://catalogo.fondazionezeri.unibo.it/ricerca.v2.jsp?decorator=layout_resp&apply=true&percorso_ricerca=OA&sortby=LOCALIZZAZIONE&batch=10&view=list&locale=it&PVCS_PVCR_PVCP_PVCC_PVCL_LDCN_PRVS_PRVR_PRVP_PRVC_PRVL_PRCD=Guredda,41.8933203,12.4829321
Guttmann,New York,,1.0,,,,A,http://catalogo.fondazionezeri.unibo.it/ricerca.v2.jsp?decorator=layout_resp&apply=true&percorso_ricerca=OA&sortby=LOCALIZZAZIONE&batch=10&view=list&locale=it&PVCS_PVCR_PVCP_PVCC_PVCL_LDCN_PRVS_PRVR_PRVP_PRVC_PRVL_PRCD=Guttmann,40.7127281,-74.0060152
Guy de Aldecoa,Parigi,-1991,1.0,,,,A,http://catalogo.fondazionezeri.unibo.it/ricerca.v2.jsp?decorator=layout_resp&apply=true&percorso_ricerca=OA&sortby=LOCALIZZAZIONE&batch=10&view=list&locale=it&PVCS_PVCR_PVCP_PVCC_PVCL_LDCN_PRVS_PRVR_PRVP_PRVC_PRVL_PRCD=Guy+de+Aldecoa,48.8588897,2.3200410217200766
Haboldt,New York,1983-,1.0,,,,A,http://catalogo.fondazionezeri.unibo.it/ricerca.v2.jsp?decorator=layout_resp&apply=true&percorso_ricerca=OA&sortby=LOCALIZZAZIONE&batch=10&view=list&locale=it&PVCS_PVCR_PVCP_PVCC_PVCL_LDCN_PRVS_PRVR_PRVP_PRVC_PRVL_PRCD=Haboldt,40.7127281,-74.0060152
Hahn,Parigi,,1.0,,,,A,http://catalogo.fondazionezeri.unibo.it/ricerca.v2.jsp?decorator=layout_resp&apply=true&percorso_ricerca=OA&sortby=LOCALIZZAZIONE&batch=10&view=list&locale=it&PVCS_PVCR_PVCP_PVCC_PVCL_LDCN_PRVS_PRVR_PRVP_PRVC_PRVL_PRCD=Hahn,48.8588897,2.3200410217200766
Hallsborough,Londra,,1.0,,,,A,http://catalogo.fondazionezeri.unibo.it/ricerca.v2.jsp?decorator=layout_resp&apply=true&percorso_ricerca=OA&sortby=LOCALIZZAZIONE&batch=10&view=list&locale=it&PVCS_PVCR_PVCP_PVCC_PVCL_LDCN_PRVS_PRVR_PRVP_PRVC_PRVL_PRCD=Hallsborough,51.5073219,-0.1276474
Harari & Johns,Londra,1981-2020,1.0,,,,A,http://catalogo.fondazionezeri.unibo.it/ricerca.v2.jsp?decorator=layout_resp&apply=true&percorso_ricerca=OA&sortby=LOCALIZZAZIONE&batch=10&view=list&locale=it&PVCS_PVCR_PVCP_PVCC_PVCL_LDCN_PRVS_PRVR_PRVP_PRVC_PRVL_PRCD=Harari+%26+Johns+Ltd,51.5073219,-0.1276474
Harris ,Oxnead Hall,,1.0,,,,A,?,52.76800135,1.3057230165095761
Hazlitt,Londra,1752-,1.0,,,,A,http://catalogo.fondazionezeri.unibo.it/ricerca.v2.jsp?decorator=layout_resp&apply=true&percorso_ricerca=OA&sortby=LOCALIZZAZIONE&batch=10&view=list&locale=it&PVCS_PVCR_PVCP_PVCC_PVCL_LDCN_PRVS_PRVR_PRVP_PRVC_PRVL_PRCD=Hazlitt+Gallery,51.5073219,-0.1276474
Heim,Parigi,,1.0,,,,A,http://catalogo.fondazionezeri.unibo.it/ricerca.v2.jsp?decorator=layout_resp&apply=true&percorso_ricerca=OA&sortby=LOCALIZZAZIONE&batch=10&view=list&locale=it&PVCS_PVCR_PVCP_PVCC_PVCL_LDCN_PRVS_PRVR_PRVP_PRVC_PRVL_PRCD=Heim&page=1&filtroprovenienza_OA=8105%7C3627,48.8588897,2.3200410217200766
Heim Gallery,Londra,1965-1991,1.0,,,,A,http://catalogo.fondazionezeri.unibo.it/ricerca.v2.jsp?decorator=layout_resp&apply=true&percorso_ricerca=OA&sortby=LOCALIZZAZIONE&batch=10&view=list&locale=it&PVCS_PVCR_PVCP_PVCC_PVCL_LDCN_PRVS_PRVR_PRVP_PRVC_PRVL_PRCD=Heim&page=1&filtroprovenienza_OA=8109%7C3627,51.5073219,-0.1276474
Heimann,New York,1891-,1.0,,,,A,http://catalogo.fondazionezeri.unibo.it/ricerca.v2.jsp?decorator=layout_resp&apply=true&percorso_ricerca=OA&sortby=LOCALIZZAZIONE&batch=10&view=list&locale=it&PVCS_PVCR_PVCP_PVCC_PVCL_LDCN_PRVS_PRVR_PRVP_PRVC_PRVL_PRCD=j.+Heimann,40.7127281,-74.0060152
Herbst,Vienna,,1.0,,,,A,http://catalogo.fondazionezeri.unibo.it/ricerca.v2.jsp?decorator=layout_resp&apply=true&percorso_ricerca=OA&sortby=LOCALIZZAZIONE&batch=10&view=list&locale=it&PVCS_PVCR_PVCP_PVCC_PVCL_LDCN_PRVS_PRVR_PRVP_PRVC_PRVL_PRCD=Herbst,48.2083537,16.3725042
Herzig,Vienna,,1.0,,,,A,http://catalogo.fondazionezeri.unibo.it/ricerca.v2.jsp?decorator=layout_resp&apply=true&percorso_ricerca=OA&sortby=LOCALIZZAZIONE&batch=10&view=list&locale=it&PVCS_PVCR_PVCP_PVCC_PVCL_LDCN_PRVS_PRVR_PRVP_PRVC_PRVL_PRCD=Herzig&page=1&filtroprovenienza_OA=8108%7C1993,48.2083537,16.3725042
Il Cartiglio,Firenze,,1.0,,,,A,http://catalogo.fondazionezeri.unibo.it/ricerca.v2.jsp?decorator=layout_resp&apply=true&percorso_ricerca=OA&sortby=LOCALIZZAZIONE&batch=10&view=list&locale=it&PVCS_PVCR_PVCP_PVCC_PVCL_LDCN_PRVS_PRVR_PRVP_PRVC_PRVL_PRCD=Il+Cartiglio,43.7698712,11.2555757
Il Ponte,Milano,1974-,1.0,,,,A,http://catalogo.fondazionezeri.unibo.it/ricerca.v2.jsp?decorator=layout_resp&apply=true&percorso_ricerca=OA&sortby=LOCALIZZAZIONE&batch=10&view=list&locale=it&PVCS_PVCR_PVCP_PVCC_PVCL_LDCN_PRVS_PRVR_PRVP_PRVC_PRVL_PRCD=Asta+Il+Ponte,45.4641943,9.1896346
Jandolo Antonio,Roma,,1.0,,,,A,http://catalogo.fondazionezeri.unibo.it/ricerca.v2.jsp?decorator=layout_resp&apply=true&percorso_ricerca=OA&sortby=LOCALIZZAZIONE&batch=10&view=list&locale=it&PVCS_PVCR_PVCP_PVCC_PVCL_LDCN_PRVS_PRVR_PRVP_PRVC_PRVL_PRCD=A.+Jandolo,41.8933203,12.4829321
Jandolo Augusto,Roma,1873-1952,1.0,,,,A,http://catalogo.fondazionezeri.unibo.it/ricerca.v2.jsp?decorator=layout_resp&apply=true&percorso_ricerca=OA&sortby=LOCALIZZAZIONE&batch=10&view=list&locale=it&PVCS_PVCR_PVCP_PVCC_PVCL_LDCN_PRVS_PRVR_PRVP_PRVC_PRVL_PRCD=A.+Jandolo,41.8933203,12.4829321
Johns Derek,Londra,1981-,1.0,,,,A,http://catalogo.fondazionezeri.unibo.it/ricerca.v2.jsp?locale=it&decorator=layout_resp&apply=true&percorso_ricerca=OA&filtroprovenienza_OA=8109%7C3439&sortby=LOCALIZZAZIONE&batch=10,51.5073219,-0.1276474
Klein,New York,,1.0,,,,A,http://catalogo.fondazionezeri.unibo.it/ricerca.v2.jsp?decorator=layout_resp&apply=true&percorso_ricerca=OA&sortby=LOCALIZZAZIONE&batch=10&view=list&locale=it&PVCS_PVCR_PVCP_PVCC_PVCL_LDCN_PRVS_PRVR_PRVP_PRVC_PRVL_PRCD=O.+Klein,40.7127281,-74.0060152
Kleinberger,New York,1848-1937 ?,1.0,,,,A,http://catalogo.fondazionezeri.unibo.it/ricerca.v2.jsp?decorator=layout_resp&apply=true&percorso_ricerca=OA&sortby=LOCALIZZAZIONE&batch=10&view=list&locale=it&PVCS_PVCR_PVCP_PVCC_PVCL_LDCN_PRVS_PRVR_PRVP_PRVC_PRVL_PRCD=Kleinberger+Galleries,40.7127281,-74.0060152
Knoedler,Londra,1846-2011,1.0,,,,A,http://catalogo.fondazionezeri.unibo.it/ricerca.v2.jsp?decorator=layout_resp&apply=true&percorso_ricerca=OA&sortby=LOCALIZZAZIONE&batch=10&view=list&locale=it&PVCS_PVCR_PVCP_PVCC_PVCL_LDCN_PRVS_PRVR_PRVP_PRVC_PRVL_PRCD=Knoedler+and+Co.,51.5073219,-0.1276474
Koester,Zurigo,1967-,1.0,,,,A,http://catalogo.fondazionezeri.unibo.it/ricerca.v2.jsp?decorator=layout_resp&apply=true&percorso_ricerca=OA&sortby=LOCALIZZAZIONE&batch=10&view=list&locale=it&PVCS_PVCR_PVCP_PVCC_PVCL_LDCN_PRVS_PRVR_PRVP_PRVC_PRVL_PRCD=M.+Koester,47.3744489,8.5410422
Koetser,Londra,1923-1967,1.0,,,,A,http://catalogo.fondazionezeri.unibo.it/ricerca.v2.jsp?decorator=layout_resp&apply=true&percorso_ricerca=OA&sortby=LOCALIZZAZIONE&batch=10&view=list&locale=it&PVCS_PVCR_PVCP_PVCC_PVCL_LDCN_PRVS_PRVR_PRVP_PRVC_PRVL_PRCD=M.+Koester,51.5073219,-0.1276474
La Balzana,Siena,,1.0,,,,A,P,43.1672254,11.467181161339118
La Bottega di S. Luca,Torino,,1.0,,,,A,http://catalogo.fondazionezeri.unibo.it/ricerca.v2.jsp?decorator=layout_resp&apply=true&percorso_ricerca=OA&sortby=LOCALIZZAZIONE&batch=10&view=list&locale=it&PVCS_PVCR_PVCP_PVCC_PVCL_LDCN_PRVS_PRVR_PRVP_PRVC_PRVL_PRCD=La+Bottega+di+S.+Luca,45.0677551,7.6824892
Lampronti,Roma,1914- ,1.0,,,,A,http://catalogo.fondazionezeri.unibo.it/ricerca.v2.jsp?decorator=layout_resp&apply=true&percorso_ricerca=OA&sortby=LOCALIZZAZIONE&batch=10&view=list&locale=it&PVCS_PVCR_PVCP_PVCC_PVCL_LDCN_PRVS_PRVR_PRVP_PRVC_PRVL_PRCD=Lampronti,41.8933203,12.4829321
Lapedota,Roma,,1.0,,,,A,http://catalogo.fondazionezeri.unibo.it/ricerca.v2.jsp?decorator=layout_resp&apply=true&percorso_ricerca=OA&sortby=LOCALIZZAZIONE&batch=10&view=list&locale=it&PVCS_PVCR_PVCP_PVCC_PVCL_LDCN_PRVS_PRVR_PRVP_PRVC_PRVL_PRCD=Lapedota,41.8933203,12.4829321
Galleria Lapiccirella,Firenze,1950-2013,1.0,,,,A,http://catalogo.fondazionezeri.unibo.it/ricerca.v2.jsp?decorator=layout_resp&apply=true&percorso_ricerca=OA&sortby=LOCALIZZAZIONE&batch=10&view=list&locale=it&PVCS_PVCR_PVCP_PVCC_PVCL_LDCN_PRVS_PRVR_PRVP_PRVC_PRVL_PRCD=Galleria+Lapiccirella,43.7698712,11.2555757
Antoniacci Lapiccirella Fine Art,Roma,2010-,,,,,,,41.8933203,12.4829321
Lasson,Londra,,1.0,,,,A,http://catalogo.fondazionezeri.unibo.it/ricerca.v2.jsp?decorator=layout_resp&apply=true&percorso_ricerca=OA&sortby=LOCALIZZAZIONE&batch=10&view=list&locale=it&PVCS_PVCR_PVCP_PVCC_PVCL_LDCN_PRVS_PRVR_PRVP_PRVC_PRVL_PRCD=Gallery+Lasson,51.5073219,-0.1276474
Lazzarelli,Ginevra,,1.0,,,,A,http://catalogo.fondazionezeri.unibo.it/scheda/opera/63842/Rocca%20Michele%2C%20Bocca%20della%20Verit%C3%A0,46.2017559,6.1466014
Lazzaroni,Parigi,1863-1934,1.0,,,,A,http://catalogo.fondazionezeri.unibo.it/ricerca.v2.jsp?decorator=layout_resp&apply=true&percorso_ricerca=OA&sortby=LOCALIZZAZIONE&batch=10&view=list&locale=it&PVCS_PVCR_PVCP_PVCC_PVCL_LDCN_PRVS_PRVR_PRVP_PRVC_PRVL_PRCD=lazzaroni,48.8588897,2.3200410217200766
Leegenhoek,Parigi,,1.0,,,,A,http://catalogo.fondazionezeri.unibo.it/ricerca.v2.jsp?decorator=layout_resp&apply=true&percorso_ricerca=OA&sortby=LOCALIZZAZIONE&batch=10&view=list&locale=it&PVCS_PVCR_PVCP_PVCC_PVCL_LDCN_PRVS_PRVR_PRVP_PRVC_PRVL_PRCD=Leegenhoek,48.8588897,2.3200410217200766
Leegenhoek Jacques,Parigi,1986-,,,,,,,48.8588897,2.3200410217200766
Léger,Londra,1892-1996,1.0,,,,A,http://catalogo.fondazionezeri.unibo.it/ricerca.v2.jsp?decorator=layout_resp&apply=true&percorso_ricerca=OA&sortby=LOCALIZZAZIONE&batch=10&view=list&locale=it&PVCS_PVCR_PVCP_PVCC_PVCL_LDCN_PRVS_PRVR_PRVP_PRVC_PRVL_PRCD=L%C3%A9ger,51.5073219,-0.1276474
Levi,Milano,,1.0,,,,A,http://catalogo.fondazionezeri.unibo.it/ricerca.v2.jsp?decorator=layout_resp&apply=true&percorso_ricerca=OA&sortby=LOCALIZZAZIONE&batch=10&view=list&locale=it&PVCS_PVCR_PVCP_PVCC_PVCL_LDCN_PRVS_PRVR_PRVP_PRVC_PRVL_PRCD=Galleria+Levi,45.4641943,9.1896346
Lindsay,Londra,,1.0,,,,A,http://catalogo.fondazionezeri.unibo.it/ricerca.v2.jsp?decorator=layout_resp&apply=true&percorso_ricerca=OA&sortby=LOCALIZZAZIONE&batch=10&view=list&locale=it&PVCS_PVCR_PVCP_PVCC_PVCL_LDCN_PRVS_PRVR_PRVP_PRVC_PRVL_PRCD=Lindsay+Fine+Art,51.5073219,-0.1276474
Lingenauer,Düsseldorf,,1.0,,,,A,http://catalogo.fondazionezeri.unibo.it/ricerca.v2.jsp?decorator=layout_resp&apply=true&percorso_ricerca=OA&sortby=LOCALIZZAZIONE&batch=10&view=list&locale=it&PVCS_PVCR_PVCP_PVCC_PVCL_LDCN_PRVS_PRVR_PRVP_PRVC_PRVL_PRCD=Galerie+Lingenauer,51.2254018,6.7763137
Lodi S.,Monaco (1962-1970),,1.0,,,,A,http://catalogo.fondazionezeri.unibo.it/ricerca.v2.jsp?decorator=layout_resp&apply=true&percorso_ricerca=OA&sortby=LOCALIZZAZIONE&batch=10&view=list&locale=it&PVCS_PVCR_PVCP_PVCC_PVCL_LDCN_PRVS_PRVR_PRVP_PRVC_PRVL_PRCD=S.+Lodi,48.1539818,11.5661934
Lodi Silvano jr.,Milano,1991-2015,1.0,,,,A,,45.4641943,9.1896346
Longari,Milano,1950-,1.0,,,,A,http://catalogo.fondazionezeri.unibo.it/ricerca.v2.jsp?decorator=layout_resp&apply=true&percorso_ricerca=OA&sortby=LOCALIZZAZIONE&batch=10&view=list&locale=it&PVCS_PVCR_PVCP_PVCC_PVCL_LDCN_PRVS_PRVR_PRVP_PRVC_PRVL_PRCD=Longari,45.4641943,9.1896346
Lorenzelli,Bergamo,,1.0,,,,A,http://catalogo.fondazionezeri.unibo.it/ricerca.v2.jsp?decorator=layout_resp&apply=true&percorso_ricerca=OA&sortby=LOCALIZZAZIONE&batch=10&view=list&locale=it&PVCS_PVCR_PVCP_PVCC_PVCL_LDCN_PRVS_PRVR_PRVP_PRVC_PRVL_PRCD=Galleria+Lorenzelli,45.756655699999996,9.754219200862249
Lucaks,Roma,,1.0,,,,A,P,41.8933203,12.4829321
Luzzetti,Firenze,,1.0,,,,A,P,43.7698712,11.2555757
Luzzetti,Milano,,1.0,,,,A,P,45.4641943,9.1896346
Maccario,Montecarlo,,1.0,,,,A,P,43.8511862,10.6676214
Marcelli,Gubbio,1951-,1.0,,,,A,P,43.3517882,12.5772674
Marianelli E.,Firenze,1960s*-,1.0,,,,A,http://catalogo.fondazionezeri.unibo.it/ricerca.v2.jsp?decorator=layout_resp&apply=true&percorso_ricerca=OA&sortby=LOCALIZZAZIONE&batch=10&view=list&locale=it&PVCS_PVCR_PVCP_PVCC_PVCL_LDCN_PRVS_PRVR_PRVP_PRVC_PRVL_PRCD=MARIANELLI,43.7698712,11.2555757
Marino Sergio,Brescia (?),,1.0,,,,A,P,45.77958045,10.4258729694612
Martinoja Angelo,Roma,,1.0,,,,A,P,41.8933203,12.4829321
Martinoja Marco,Stamford,1980-,1.0,,,,A,P,41.0534302,-73.5387341
Matteotti,Torino?,,1.0,,,,A,http://catalogo.fondazionezeri.unibo.it/ricerca.v2.jsp?decorator=layout_resp&apply=true&percorso_ricerca=OA&sortby=LOCALIZZAZIONE&batch=10&view=list&locale=it&PVCS_PVCR_PVCP_PVCC_PVCL_LDCN_PRVS_PRVR_PRVP_PRVC_PRVL_PRCD=Galleria+Matteotti,45.0677551,7.6824892
Matthiesen,Londra,1978-,1.0,,,,A,http://catalogo.fondazionezeri.unibo.it/ricerca.v2.jsp?decorator=layout_resp&apply=true&percorso_ricerca=OA&sortby=LOCALIZZAZIONE&batch=10&view=list&locale=it&PVCS_PVCR_PVCP_PVCC_PVCL_LDCN_PRVS_PRVR_PRVP_PRVC_PRVL_PRCD=Matthiesen,51.5073219,-0.1276474
Galleria Mazzoni,La Spezia,(doc. 1956-61),1.0,,,,A,http://catalogo.fondazionezeri.unibo.it/ricerca.v2.jsp?decorator=layout_resp&apply=true&percorso_ricerca=OA&sortby=LOCALIZZAZIONE&batch=10&view=list&locale=it&PVCS_PVCR_PVCP_PVCC_PVCL_LDCN_PRVS_PRVR_PRVP_PRVC_PRVL_PRCD=Galleria+Mazzoni,44.23836595,9.691232634547537
Megna,Roma,1960-,1.0,,,,A,http://catalogo.fondazionezeri.unibo.it/ricerca.v2.jsp?decorator=layout_resp&apply=true&percorso_ricerca=OA&sortby=LOCALIZZAZIONE&batch=10&view=list&locale=it&PVCS_PVCR_PVCP_PVCC_PVCL_LDCN_PRVS_PRVR_PRVP_PRVC_PRVL_PRCD=Megna,41.8933203,12.4829321
"Meissner, Kurt",Zurigo,fine anni 30-2004,1.0,,,,A,http://catalogo.fondazionezeri.unibo.it/ricerca.v2.jsp?decorator=layout_resp&apply=true&percorso_ricerca=OA&sortby=LOCALIZZAZIONE&batch=10&view=list&locale=it&PVCS_PVCR_PVCP_PVCC_PVCL_LDCN_PRVS_PRVR_PRVP_PRVC_PRVL_PRCD=Meissner,47.3744489,8.5410422
Menaguale (Birgitta?),Verona,-,1.0,,,,A,http://catalogo.fondazionezeri.unibo.it/ricerca.v2.jsp?decorator=layout_resp&apply=true&percorso_ricerca=OA&sortby=LOCALIZZAZIONE&batch=10&view=list&locale=it&PVCS_PVCR_PVCP_PVCC_PVCL_LDCN_PRVS_PRVR_PRVP_PRVC_PRVL_PRCD=Galleria+Menaguale,45.4384958,10.9924122
Mezzoni,Roma,-,1.0,,,,A,P,41.8933203,12.4829321
Micheli,Lecco,1927 (Ugo)-?,1.0,,,,A,http://catalogo.fondazionezeri.unibo.it/ricerca.v2.jsp?decorator=layout_resp&apply=true&percorso_ricerca=OA&sortby=LOCALIZZAZIONE&batch=10&view=list&locale=it&fulltextOA=LECCO&PVCS_PVCR_PVCP_PVCC_PVCL_LDCN_PRVS_PRVR_PRVP_PRVC_PRVL_PRCD=Micheli,45.9005485,9.41202482143963
Minerva,Roma (Napoli?!),-2017,1.0,,,,A,http://catalogo.fondazionezeri.unibo.it/ricerca.v2.jsp?decorator=layout_resp&apply=true&percorso_ricerca=OA&sortby=LOCALIZZAZIONE&batch=10&view=list&locale=it&fulltextOA=napoli&PVCS_PVCR_PVCP_PVCC_PVCL_LDCN_PRVS_PRVR_PRVP_PRVC_PRVL_PRCD=minerva,40.8506762,14.2686013
Mont Frederick,New York,1894-1994,1.0,,,,A,http://catalogo.fondazionezeri.unibo.it/ricerca.v2.jsp?decorator=layout_resp&apply=true&percorso_ricerca=OA&sortby=LOCALIZZAZIONE&batch=10&view=list&locale=it&PVCS_PVCR_PVCP_PVCC_PVCL_LDCN_PRVS_PRVR_PRVP_PRVC_PRVL_PRCD=F.+Mont,40.7127281,-74.0060152
Montanaro Carlo,Londra,-2019,1.0,,,,A,P,51.5073219,-0.1276474
Montanaro Alessandro,Milano,,1.0,,,,A,P,45.4641943,9.1896346
"Monti Alessandro (e Luigi, padre)",Como,-,1.0,,,,A,P,45.939475900000005,9.149410145408947
Morandotti Alessandro,Roma,1909-1979,1.0,,,,A,http://catalogo.fondazionezeri.unibo.it/ricerca.v2.jsp?decorator=layout_resp&apply=true&percorso_ricerca=OA&sortby=LOCALIZZAZIONE&batch=10&view=list&locale=it&fulltextOA=roma&PVCS_PVCR_PVCP_PVCC_PVCL_LDCN_PRVS_PRVR_PRVP_PRVC_PRVL_PRCD=Morandotti,41.8933203,12.4829321
Moratilla Eduard,Parigi,1901 - 1973,1.0,,,,A,http://catalogo.fondazionezeri.unibo.it/ricerca.v2.jsp?decorator=layout_resp&apply=true&percorso_ricerca=OA&sortby=LOCALIZZAZIONE&batch=10&view=list&locale=it&PVCS_PVCR_PVCP_PVCC_PVCL_LDCN_PRVS_PRVR_PRVP_PRVC_PRVL_PRCD=Moratilla,48.8588897,2.3200410217200766
Moretti,Prato,-,1.0,,,,A,http://catalogo.fondazionezeri.unibo.it/ricerca.v2.jsp?decorator=layout_resp&apply=true&percorso_ricerca=OA&sortby=LOCALIZZAZIONE&batch=10&view=list&locale=it&fulltextOA=firenze&PVCS_PVCR_PVCP_PVCC_PVCL_LDCN_PRVS_PRVR_PRVP_PRVC_PRVL_PRCD=moretti,43.935718050000006,11.09414726770089
Mori,Parigi,,1.0,,,,A,http://catalogo.fondazionezeri.unibo.it/ricerca.v2.jsp?decorator=layout_resp&apply=true&percorso_ricerca=OA&sortby=LOCALIZZAZIONE&batch=10&view=list&locale=it&fulltextOA=PARIGI&PVCS_PVCR_PVCP_PVCC_PVCL_LDCN_PRVS_PRVR_PRVP_PRVC_PRVL_PRCD=MORI&page=1,48.8588897,2.3200410217200766
Moroni Renzo,Roma,1980s-,1.0,,,,A,http://catalogo.fondazionezeri.unibo.it/ricerca.v2.jsp?decorator=layout_resp&apply=true&percorso_ricerca=OA&sortby=LOCALIZZAZIONE&batch=10&view=list&locale=it&fulltextOA=ROMA&PVCS_PVCR_PVCP_PVCC_PVCL_LDCN_PRVS_PRVR_PRVP_PRVC_PRVL_PRCD=Moroni,41.8933203,12.4829321
Stanley Moss,New York,1970s-,1.0,,,,A,http://catalogo.fondazionezeri.unibo.it/ricerca.v2.jsp?decorator=layout_resp&apply=true&percorso_ricerca=OA&sortby=LOCALIZZAZIONE&batch=10&view=list&locale=it&PVCS_PVCR_PVCP_PVCC_PVCL_LDCN_PRVS_PRVR_PRVP_PRVC_PRVL_PRCD=Stanley+Moss+and+Co.,40.7127281,-74.0060152
Mossini,Mantova,1978-,1.0,,,,A,http://catalogo.fondazionezeri.unibo.it/ricerca.v2.jsp?decorator=layout_resp&apply=true&percorso_ricerca=OA&sortby=LOCALIZZAZIONE&batch=10&view=list&locale=it&PVCS_PVCR_PVCP_PVCC_PVCL_LDCN_PRVS_PRVR_PRVP_PRVC_PRVL_PRCD=Galleria+Mossini,45.1692628,10.670836515673878
Musco,Firenze,,1.0,,,,A,P,43.7698712,11.2555757
Napoli Marco,Parma,,1.0,,,,A,P,44.8013678,10.3280833
Neger,Parigi,"doc. 1951, 1969",1.0,,,,A,http://catalogo.fondazionezeri.unibo.it/ricerca.v2.jsp?decorator=layout_resp&apply=true&percorso_ricerca=OA&sortby=LOCALIZZAZIONE&batch=10&view=list&locale=it&fulltextOA=parigi&PVCS_PVCR_PVCP_PVCC_PVCL_LDCN_PRVS_PRVR_PRVP_PRVC_PRVL_PRCD=neger,48.8588897,2.3200410217200766
Newhouse Galleries,New York,1878-1999,1.0,,,,A,http://catalogo.fondazionezeri.unibo.it/ricerca.v2.jsp?decorator=layout_resp&apply=true&percorso_ricerca=OA&sortby=LOCALIZZAZIONE&batch=10&view=list&locale=it&fulltextOA=NEW+YORK&PVCS_PVCR_PVCP_PVCC_PVCL_LDCN_PRVS_PRVR_PRVP_PRVC_PRVL_PRCD=Newhouse,40.7127281,-74.0060152
Nigro,Genova,1894-1967,1.0,,,,A,http://catalogo.fondazionezeri.unibo.it/ricerca.v2.jsp?decorator=layout_resp&apply=true&percorso_ricerca=OA&sortby=LOCALIZZAZIONE&batch=10&view=list&locale=it&fulltextOA=genova&PVCS_PVCR_PVCP_PVCC_PVCL_LDCN_PRVS_PRVR_PRVP_PRVC_PRVL_PRCD=nigro,44.40726,8.9338624
Novi,Milano,,1.0,,,,A,P,45.4641943,9.1896346
Ombra,Treviso,1931-2016,1.0,,,,A,P,45.806691349999994,12.206315763116372
Orsi,Milano,1952-,1.0,,,,A,http://catalogo.fondazionezeri.unibo.it/ricerca.v2.jsp?decorator=layout_resp&apply=true&percorso_ricerca=OA&sortby=LOCALIZZAZIONE&batch=10&view=list&locale=it&fulltextOA=milano&PVCS_PVCR_PVCP_PVCC_PVCL_LDCN_PRVS_PRVR_PRVP_PRVC_PRVL_PRCD=orsi,45.4641943,9.1896346
Pagano,Genova,,1.0,,,,A,http://catalogo.fondazionezeri.unibo.it/ricerca.v2.jsp?decorator=layout_resp&apply=true&percorso_ricerca=OA&sortby=LOCALIZZAZIONE&batch=10&view=list&locale=it&fulltextOA=genova&PVCS_PVCR_PVCP_PVCC_PVCL_LDCN_PRVS_PRVR_PRVP_PRVC_PRVL_PRCD=pagano,44.40726,8.9338624
Pallesi,Monaco,2002-,1.0,,,,A,http://catalogo.fondazionezeri.unibo.it/scheda/opera/96813/Appiani%20Andrea%2C%20Apollo%20e%20Dafne,43.7323492,7.4276832
Pandolfini,Firenze,1924-,1.0,,,,"A, CdA",http://catalogo.fondazionezeri.unibo.it/ricerca.v2.jsp?decorator=layout_resp&apply=true&percorso_ricerca=OA&sortby=LOCALIZZAZIONE&batch=10&view=list&locale=it&PVCS_PVCR_PVCP_PVCC_PVCL_LDCN_PRVS_PRVR_PRVP_PRVC_PRVL_PRCD=Pandolfini&page=1&filtrolocalizzazione_OA=4950%7C2635,43.7698712,11.2555757
Paolini,Roma,-1924,1.0,,,,A,http://catalogo.fondazionezeri.unibo.it/ricerca.v2.jsp?decorator=layout_resp&apply=true&percorso_ricerca=OA&sortby=LOCALIZZAZIONE&batch=10&view=list&locale=it&fulltextOA=roma&PVCS_PVCR_PVCP_PVCC_PVCL_LDCN_PRVS_PRVR_PRVP_PRVC_PRVL_PRCD=paolini,41.8933203,12.4829321
Pardo,Parigi,1961-,1.0,,,,A,http://catalogo.fondazionezeri.unibo.it/ricerca.v2.jsp?decorator=layout_resp&apply=true&percorso_ricerca=OA&sortby=LOCALIZZAZIONE&batch=10&view=list&locale=it&PVCS_PVCR_PVCP_PVCC_PVCL_LDCN_PRVS_PRVR_PRVP_PRVC_PRVL_PRCD=pardo,48.8588897,2.3200410217200766
Galleria Pasti Bencini,Firenze,1986-,1.0,,,,A,http://catalogo.fondazionezeri.unibo.it/ricerca.v2.jsp?decorator=layout_resp&apply=true&percorso_ricerca=OA&sortby=LOCALIZZAZIONE&batch=10&view=list&locale=it&PVCS_PVCR_PVCP_PVCC_PVCL_LDCN_PRVS_PRVR_PRVP_PRVC_PRVL_PRCD=Pasti+Bencini,43.7698712,11.2555757
Pavia,Roma,,,,,,,http://catalogo.fondazionezeri.unibo.it/ricerca.v2.jsp?decorator=layout_resp&apply=true&percorso_ricerca=OA&sortby=LOCALIZZAZIONE&batch=10&view=list&locale=it&fulltextOA=Roma&PVCS_PVCR_PVCP_PVCC_PVCL_LDCN_PRVS_PRVR_PRVP_PRVC_PRVL_PRCD=Pavia&page=1&filtrolocalizzazione_OA=4531%7C2377,41.8933203,12.4829321
Peretti,Londra,? - primi anni2000,1.0,,,,A,http://catalogo.fondazionezeri.unibo.it/ricerca.v2.jsp?decorator=layout_resp&apply=true&percorso_ricerca=OA&sortby=LOCALIZZAZIONE&batch=10&view=list&locale=it&PVCS_PVCR_PVCP_PVCC_PVCL_LDCN_PRVS_PRVR_PRVP_PRVC_PRVL_PRCD=peretti,51.5073219,-0.1276474
Piacenti,Prato ,1875-,1.0,,,,A,http://catalogo.fondazionezeri.unibo.it/scheda/opera/5371/Anonimo%20giottesco%20sec.%20XIV%2C%20Crocifissione%20di%20Cristo%20con%20san%20Giovanni%20Evangelista,43.935718050000006,11.09414726770089
Piccirilli Valter,Roma,1984-2012,1.0,,,,A,http://catalogo.fondazionezeri.unibo.it/ricerca.v2.jsp?decorator=layout_resp&apply=true&percorso_ricerca=OA&sortby=LOCALIZZAZIONE&batch=10&view=list&locale=it&PVCS_PVCR_PVCP_PVCC_PVCL_LDCN_PRVS_PRVR_PRVP_PRVC_PRVL_PRCD=Piccirilli,41.8933203,12.4829321
Piedimonte,Napoli,,1.0,,,,A,P,40.8358846,14.2487679
Pini Ivo,Faenza,,1.0,,,,A,P,44.2855555,11.8832055
Poggi S.,Roma,,1.0,,,,A,,41.8933203,12.4829321
"Poletti, Ruggero",Milano,-2012,1.0,,,,A,,45.4641943,9.1896346
Ponti Paolo,Assisi ,-,1.0,,,,A,,43.0711952,12.6146669
Porkay,Monaco,,,1.0,,,C,,43.7323492,7.4276832
Pospisil,Parigi (Firenze?),,1.0,,,,A,,48.8500694,2.2761219
Potter,Glouchester,,,,,,no,,36.119113,-79.84896
Pozzi U.,Milano,,1.0,,,,A,,45.4641943,9.1896346
Prasedi Mauro,Legnano (MI) ,,1.0,,,,A,,45.5946985,8.9183595
"Pratt, Harold Irving",New York,,,1.0,,,C,http://catalogo.fondazionezeri.unibo.it/ricerca.v2.jsp?decorator=layout_resp&apply=true&percorso_ricerca=OA&sortby=LOCALIZZAZIONE&batch=10&view=list&locale=it&PVCS_PVCR_PVCP_PVCC_PVCL_LDCN_PRVS_PRVR_PRVP_PRVC_PRVL_PRCD=Collezione+H.I.+Pratt,40.7127281,-74.0060152
Previtali,Bergamo,1948-,1.0,,,,A,http://catalogo.fondazionezeri.unibo.it/ricerca.v2.jsp?decorator=layout_resp&apply=true&percorso_ricerca=OA&sortby=LOCALIZZAZIONE&batch=10&view=list&locale=it&PVCS_PVCR_PVCP_PVCC_PVCL_LDCN_PRVS_PRVR_PRVP_PRVC_PRVL_PRCD=Galleria+Previtali,45.756655699999996,9.754219200862249
Primol,Roma,,,,,,no,,41.8933203,12.4829321
"Prohel, E.",Amsterdam,"doc. 1924, 1953",,1.0,,,C,http://catalogo.fondazionezeri.unibo.it/ricerca.v2.jsp?decorator=layout_resp&apply=true&percorso_ricerca=OA&sortby=LOCALIZZAZIONE&batch=10&view=list&locale=it&PVCS_PVCR_PVCP_PVCC_PVCL_LDCN_PRVS_PRVR_PRVP_PRVC_PRVL_PRCD=Collezione+Prohel,52.3727598,4.8936041
Raczinski ,Berlino,,,,,,no,,52.5170365,13.3888599
Ragazzi Pietro,Padova,,1.0,,,,A,,45.4077172,11.8734455
Rambaldi,Bologna,,1.0,,,,CdA,http://catalogo.fondazionezeri.unibo.it/ricerca.v2.jsp?batch=100&page=1&view=list&sortby=LOCALIZZAZIONE&decorator=layout_resp&apply=true&percorso_ricerca=OA&locale=it&PVCS_PVCR_PVCP_PVCC_PVCL_LDCN_PRVS_PRVR_PRVP_PRVC_PRVL_PRCD=Asta+Rambaldi,44.4938203,11.3426327
Ramon A.,Barcelona,1911-,1.0,,,,A,http://catalogo.fondazionezeri.unibo.it/ricerca.v2.jsp?decorator=layout_resp&apply=true&percorso_ricerca=OA&sortby=LOCALIZZAZIONE&batch=10&view=list&locale=it&PVCS_PVCR_PVCP_PVCC_PVCL_LDCN_PRVS_PRVR_PRVP_PRVC_PRVL_PRCD=Arturo+Ram%C3%B3n,41.3828939,2.1774322
Ricasoli,Firenze,,,1.0,,,C,http://catalogo.fondazionezeri.unibo.it/ricerca.v2.jsp?decorator=layout_resp&apply=true&percorso_ricerca=OA&sortby=LOCALIZZAZIONE&batch=10&view=list&locale=it&PVCS_PVCR_PVCP_PVCC_PVCL_LDCN_PRVS_PRVR_PRVP_PRVC_PRVL_PRCD=Collezione+Ricasoli,43.7698712,11.2555757
Riccardi Ennio e Piero (fratelli),Assisi,-,1.0,,,,A,http://catalogo.fondazionezeri.unibo.it/ricerca.v2.jsp?decorator=layout_resp&apply=true&percorso_ricerca=OA&sortby=LOCALIZZAZIONE&batch=10&view=list&locale=it&PVCS_PVCR_PVCP_PVCC_PVCL_LDCN_PRVS_PRVR_PRVP_PRVC_PRVL_PRCD=Galleria+Ennio+e+Piero+Riccardi,43.0711952,12.6146669
Ricketts,Londra,-1937,,1.0,,,C,http://catalogo.fondazionezeri.unibo.it/ricerca.v2.jsp?decorator=layout_resp&apply=true&percorso_ricerca=OA&sortby=LOCALIZZAZIONE&batch=10&view=list&locale=it&PVCS_PVCR_PVCP_PVCC_PVCL_LDCN_PRVS_PRVR_PRVP_PRVC_PRVL_PRCD=Ricketts,51.5073219,-0.1276474
Ritter,Roma,,1.0,,,,A,http://catalogo.fondazionezeri.unibo.it/ricerca.v2.jsp?decorator=layout_resp&apply=true&percorso_ricerca=OA&sortby=LOCALIZZAZIONE&batch=10&view=list&locale=it&PVCS_PVCR_PVCP_PVCC_PVCL_LDCN_PRVS_PRVR_PRVP_PRVC_PRVL_PRCD=ritter,41.8933203,12.4829321
Ritter J.B.,New York,,1.0,,,,A,,40.7127281,-74.0060152
Riva,Milano,,,1.0,,,C,http://catalogo.fondazionezeri.unibo.it/ricerca.v2.jsp?decorator=layout_resp&apply=true&percorso_ricerca=OA&sortby=LOCALIZZAZIONE&batch=10&view=list&locale=it&PVCS_PVCR_PVCP_PVCC_PVCL_LDCN_PRVS_PRVR_PRVP_PRVC_PRVL_PRCD=Riva,45.4641943,9.1896346
Robilant,Londra,,1.0,,,,A,http://catalogo.fondazionezeri.unibo.it/ricerca.v2.jsp?decorator=layout_resp&apply=true&percorso_ricerca=OA&sortby=LOCALIZZAZIONE&batch=10&view=list&locale=it&PVCS_PVCR_PVCP_PVCC_PVCL_LDCN_PRVS_PRVR_PRVP_PRVC_PRVL_PRCD=robilant,51.5073219,-0.1276474
Roland and Delbanco,Londra,,,,,,no,,51.5073219,-0.1276474
Romano F.lli,Firenze,1969-,1.0,,,,A,http://catalogo.fondazionezeri.unibo.it/ricerca.v2.jsp?decorator=layout_resp&apply=true&percorso_ricerca=OA&sortby=LOCALIZZAZIONE&batch=10&view=list&locale=it&fulltextOA=firenze&PVCS_PVCR_PVCP_PVCC_PVCL_LDCN_PRVS_PRVR_PRVP_PRVC_PRVL_PRCD=romano,43.7698712,11.2555757
Romano Fr.,Roma,,1.0,,,,A,http://catalogo.fondazionezeri.unibo.it/ricerca.v2.jsp?decorator=layout_resp&apply=true&percorso_ricerca=OA&sortby=LOCALIZZAZIONE&batch=10&view=list&locale=it&PVCS_PVCR_PVCP_PVCC_PVCL_LDCN_PRVS_PRVR_PRVP_PRVC_PRVL_PRCD=F.+Romano,41.8933203,12.4829321
Rosa Paolo,Roma,1982-,1.0,,,,A,http://catalogo.fondazionezeri.unibo.it/ricerca.v2.jsp?decorator=layout_resp&apply=true&percorso_ricerca=OA&sortby=LOCALIZZAZIONE&batch=10&view=list&locale=it&PVCS_PVCR_PVCP_PVCC_PVCL_LDCN_PRVS_PRVR_PRVP_PRVC_PRVL_PRCD=Collezione+P.+Rosa,41.8933203,12.4829321
Rosenberg & Stiebel,Francoforte,1860/70-?,,,1.0,,G,http://catalogo.fondazionezeri.unibo.it/ricerca.v2.jsp?decorator=layout_resp&apply=true&percorso_ricerca=OA&sortby=LOCALIZZAZIONE&batch=10&view=list&locale=it&PVCS_PVCR_PVCP_PVCC_PVCL_LDCN_PRVS_PRVR_PRVP_PRVC_PRVL_PRCD=Rosenberg+%26+Stiebel,50.1106444,8.6820917
Rosenberg & Stiebel,New York,1939-2000,,,1.0,,G,http://catalogo.fondazionezeri.unibo.it/ricerca.v2.jsp?decorator=layout_resp&apply=true&percorso_ricerca=OA&sortby=LOCALIZZAZIONE&batch=10&view=list&locale=it&PVCS_PVCR_PVCP_PVCC_PVCL_LDCN_PRVS_PRVR_PRVP_PRVC_PRVL_PRCD=Rosenberg+%26+Stiebel,40.7127281,-74.0060152
Rosenthal,Monaco di Baviera,1895-,,1.0,,,C,http://catalogo.fondazionezeri.unibo.it/ricerca.v2.jsp?decorator=layout_resp&apply=true&percorso_ricerca=OA&sortby=LOCALIZZAZIONE&batch=10&view=list&locale=it&PVCS_PVCR_PVCP_PVCC_PVCL_LDCN_PRVS_PRVR_PRVP_PRVC_PRVL_PRCD=Collezione+Rosenthal,48.1371079,11.5753822
Rosenwald,New York,,,,,,no,,40.7127281,-74.0060152
Rossi Maria Grazia,Arezzo,,1.0,,,,A,http://catalogo.fondazionezeri.unibo.it/ricerca.v2.jsp?decorator=layout_resp&apply=true&percorso_ricerca=OA&sortby=LOCALIZZAZIONE&batch=10&view=list&locale=it&PVCS_PVCR_PVCP_PVCC_PVCL_LDCN_PRVS_PRVR_PRVP_PRVC_PRVL_PRCD=Grace+Gallery,43.51720195,11.763879181253118
Rothermere,Londra,,,,,,no,,51.5073219,-0.1276474
Rotschild,Londra,,,,,,no,,51.5073219,-0.1276474
Rovelli,Firenze,,1.0,,,,A,http://catalogo.fondazionezeri.unibo.it/ricerca.v2.jsp?decorator=layout_resp&apply=true&percorso_ricerca=OA&sortby=LOCALIZZAZIONE&batch=20&view=list&locale=it&PVCS_PVCR_PVCP_PVCC_PVCL_LDCN_PRVS_PRVR_PRVP_PRVC_PRVL_PRCD=Rovelli,43.7698712,11.2555757
Rovelli,Roma,,1.0,,,,A,,41.8933203,12.4829321
Rubinacci,Genova,1987 (?com'è possibile) -2013 ca.,1.0,,,,A,http://catalogo.fondazionezeri.unibo.it/ricerca.v2.jsp?view=gallery&batch=20&sortby=LOCALIZZAZIONE&page=1&decorator=layout_resp&apply=true&percorso_ricerca=OA&locale=it&PVCS_PVCR_PVCP_PVCC_PVCL_LDCN_PRVS_PRVR_PRVP_PRVC_PRVL_PRCD=Rubinacci,44.40726,8.9338624
Ryerson,Chicago,,,,,,no,,41.8755616,-87.6244212
Sabatello,Roma,1932-1935 (?),1.0,,,,A,http://catalogo.fondazionezeri.unibo.it/ricerca.v2.jsp?decorator=layout_resp&apply=true&percorso_ricerca=OA&sortby=LOCALIZZAZIONE&batch=10&view=list&locale=it&PVCS_PVCR_PVCP_PVCC_PVCL_LDCN_PRVS_PRVR_PRVP_PRVC_PRVL_PRCD=Sabatello,41.8933203,12.4829321
Sacerdoti,Milano,1950-,1.0,,,,A,http://catalogo.fondazionezeri.unibo.it/ricerca.v2.jsp?decorator=layout_resp&apply=true&percorso_ricerca=OA&sortby=LOCALIZZAZIONE&batch=10&view=list&locale=it&PVCS_PVCR_PVCP_PVCC_PVCL_LDCN_PRVS_PRVR_PRVP_PRVC_PRVL_PRCD=Sacerdoti,45.4641943,9.1896346
Saggittario,Bologna,,1.0,,,,A,,44.4938203,11.3426327
Saibene,Milano,-,1.0,,,,A,http://catalogo.fondazionezeri.unibo.it/ricerca.v2.jsp?decorator=layout_resp&apply=true&percorso_ricerca=OA&sortby=LOCALIZZAZIONE&batch=10&view=list&locale=it&PVCS_PVCR_PVCP_PVCC_PVCL_LDCN_PRVS_PRVR_PRVP_PRVC_PRVL_PRCD=Collezione+Saibene,45.4641943,9.1896346
Salamon,Milano,1950-,1.0,,,,A,http://catalogo.fondazionezeri.unibo.it/ricerca.v2.jsp?decorator=layout_resp&apply=true&percorso_ricerca=OA&sortby=LOCALIZZAZIONE&batch=10&view=list&locale=it&fulltextOA=milano&PVCS_PVCR_PVCP_PVCC_PVCL_LDCN_PRVS_PRVR_PRVP_PRVC_PRVL_PRCD=salamon,45.4641943,9.1896346
"Salavin, L.",Parigi,-1973,,1.0,,,C,http://catalogo.fondazionezeri.unibo.it/ricerca.v2.jsp?batch=20&page=1&view=list&sortby=LOCALIZZAZIONE&decorator=layout_resp&apply=true&percorso_ricerca=OA&locale=it&PVCS_PVCR_PVCP_PVCC_PVCL_LDCN_PRVS_PRVR_PRVP_PRVC_PRVL_PRCD=Collezione+Salavin,48.8588897,2.3200410217200766
Salini P.,Roma,,1.0,,,,A,http://catalogo.fondazionezeri.unibo.it/ricerca.v2.jsp?decorator=layout_resp&apply=true&percorso_ricerca=OA&sortby=LOCALIZZAZIONE&batch=10&view=list&locale=it&PVCS_PVCR_PVCP_PVCC_PVCL_LDCN_PRVS_PRVR_PRVP_PRVC_PRVL_PRCD=Collezione%20Salini&page=1&filtroprovenienza_OA=4531%7C9669,41.8933203,12.4829321
Salocchi,Firenze,,1.0,,,,A,http://catalogo.fondazionezeri.unibo.it/ricerca.v2.jsp?decorator=layout_resp&apply=true&percorso_ricerca=OA&sortby=LOCALIZZAZIONE&batch=10&view=list&locale=it&PVCS_PVCR_PVCP_PVCC_PVCL_LDCN_PRVS_PRVR_PRVP_PRVC_PRVL_PRCD=Salocchi,43.7698712,11.2555757
Sangiorgi,Roma,1892-1970,1.0,,,,A,http://catalogo.fondazionezeri.unibo.it/ricerca.v2.jsp?decorator=layout_resp&apply=true&percorso_ricerca=OA&sortby=LOCALIZZAZIONE&batch=10&view=list&locale=it&PVCS_PVCR_PVCP_PVCC_PVCL_LDCN_PRVS_PRVR_PRVP_PRVC_PRVL_PRCD=Sangiorgi,41.8933203,12.4829321
Sarti,Londra,1980s-,1.0,,,,A,http://catalogo.fondazionezeri.unibo.it/ricerca.v2.jsp?decorator=layout_resp&apply=true&percorso_ricerca=OA&sortby=LOCALIZZAZIONE&batch=10&view=list&locale=it&PVCS_PVCR_PVCP_PVCC_PVCL_LDCN_PRVS_PRVR_PRVP_PRVC_PRVL_PRCD=Sarti,51.5073219,-0.1276474
Sarti,Parigi,1996-,1.0,,,,A,http://catalogo.fondazionezeri.unibo.it/ricerca.v2.jsp?decorator=layout_resp&apply=true&percorso_ricerca=OA&sortby=LOCALIZZAZIONE&batch=10&view=list&locale=it&PVCS_PVCR_PVCP_PVCC_PVCL_LDCN_PRVS_PRVR_PRVP_PRVC_PRVL_PRCD=Sarti,48.8588897,2.3200410217200766
Sassoli Tiziana,Bologna,1991-,1.0,,,,A,,44.4938203,11.3426327
Savoldo Antichità,Brescia,,1.0,,,,A,,45.77958045,10.4258729694612
Scardeoni,Lugano,1985-?,1.0,,,,A,http://catalogo.fondazionezeri.unibo.it/ricerca.v2.jsp?decorator=layout_resp&apply=true&percorso_ricerca=OA&sortby=LOCALIZZAZIONE&batch=10&view=list&locale=it&PVCS_PVCR_PVCP_PVCC_PVCL_LDCN_PRVS_PRVR_PRVP_PRVC_PRVL_PRCD=Scardeoni,46.0050102,8.9520281
Scarpa Pietro (1939-),Venezia,,1.0,,,,A,http://catalogo.fondazionezeri.unibo.it/ricerca.v2.jsp?locale=it&decorator=layout_resp&apply=true&percorso_ricerca=OA&filtrolocalizzazione_OA=5829%7C5232&sortby=LOCALIZZAZIONE&batch=50,45.4371908,12.3345898
Schaeffer Galleries,New York,"New York (1936-2000ca.), Berlino (1925-1939)",1.0,,,,A,http://catalogo.fondazionezeri.unibo.it/ricerca.v2.jsp?decorator=layout_resp&apply=true&percorso_ricerca=OA&sortby=LOCALIZZAZIONE&batch=50&view=list&locale=it&PVCS_PVCR_PVCP_PVCC_PVCL_LDCN_PRVS_PRVR_PRVP_PRVC_PRVL_PRCD=Schaeffer+Galleries,40.7127281,-74.0060152
Scheidwimmer,Monaco di Baviera,1898-,,1.0,,,C,http://catalogo.fondazionezeri.unibo.it/ricerca.v2.jsp?view=gallery&batch=50&sortby=LOCALIZZAZIONE&page=1&decorator=layout_resp&apply=true&percorso_ricerca=OA&locale=it&PVCS_PVCR_PVCP_PVCC_PVCL_LDCN_PRVS_PRVR_PRVP_PRVC_PRVL_PRCD=Scheidwimmer,48.1371079,11.5753822
Schizzerotto,Mantova,,1.0,,,,A (o C?),,45.1692628,10.670836515673878
Schmid,Vienna,,,1.0,,,C,,48.2083537,16.3725042
Schnackenberg,Monaco di Baviera,,,,,,no,http://catalogo.fondazionezeri.unibo.it/ricerca.v2.jsp?decorator=layout_resp&apply=true&percorso_ricerca=OA&sortby=LOCALIZZAZIONE&batch=10&view=list&locale=it&PVCS_PVCR_PVCP_PVCC_PVCL_LDCN_PRVS_PRVR_PRVP_PRVC_PRVL_PRCD=Schnackenberg,48.1371079,11.5753822
Schntitgen,Colonia,,,,,,no,,50.938361,6.959974
Scholz,New York,,,,,,no,,40.7127281,-74.0060152
Schubert,Milano,1970s-,1.0,,,,A,http://catalogo.fondazionezeri.unibo.it/ricerca.v2.jsp?decorator=layout_resp&apply=true&percorso_ricerca=OA&sortby=LOCALIZZAZIONE&batch=50&view=list&locale=it&PVCS_PVCR_PVCP_PVCC_PVCL_LDCN_PRVS_PRVR_PRVP_PRVC_PRVL_PRCD=Schubert,45.4641943,9.1896346
Schweitzer Gallery,New York,1930-,1.0,,,,A,http://catalogo.fondazionezeri.unibo.it/ricerca.v2.jsp?decorator=layout_resp&apply=true&percorso_ricerca=OA&sortby=LOCALIZZAZIONE&batch=50&view=list&locale=it&PVCS_PVCR_PVCP_PVCC_PVCL_LDCN_PRVS_PRVR_PRVP_PRVC_PRVL_PRCD=Schweitzer+Gallery,40.7127281,-74.0060152
"Schweitzer, E.",Berlino,-1918,,1.0,,,C,http://catalogo.fondazionezeri.unibo.it/ricerca.v2.jsp?decorator=layout_resp&apply=true&percorso_ricerca=OA&sortby=LOCALIZZAZIONE&batch=50&view=list&locale=it&PVCS_PVCR_PVCP_PVCC_PVCL_LDCN_PRVS_PRVR_PRVP_PRVC_PRVL_PRCD=Schweitzer,52.5170365,13.3888599
"Sedelmeyer, Charles",Parigi ,1866-1912,1.0,,,,A,http://catalogo.fondazionezeri.unibo.it/ricerca.v2.jsp?decorator=layout_resp&apply=true&percorso_ricerca=OA&sortby=LOCALIZZAZIONE&batch=50&view=list&locale=it&PVCS_PVCR_PVCP_PVCC_PVCL_LDCN_PRVS_PRVR_PRVP_PRVC_PRVL_PRCD=sedelmeyer,48.8588897,2.3200410217200766
Serristori,Firenze,-1977,,1.0,,,C,http://catalogo.fondazionezeri.unibo.it/ricerca.v2.jsp?decorator=layout_resp&apply=true&percorso_ricerca=OA&sortby=LOCALIZZAZIONE&batch=10&view=list&locale=it&PVCS_PVCR_PVCP_PVCC_PVCL_LDCN_PRVS_PRVR_PRVP_PRVC_PRVL_PRCD=Collezione+Serristori,43.7698712,11.2555757
Sestieri,Roma e Firenze,,1.0,,,,A,http://catalogo.fondazionezeri.unibo.it/ricerca.v2.jsp?decorator=layout_resp&apply=true&percorso_ricerca=OA&sortby=LOCALIZZAZIONE&batch=10&view=list&locale=it&PVCS_PVCR_PVCP_PVCC_PVCL_LDCN_PRVS_PRVR_PRVP_PRVC_PRVL_PRCD=Sestieri,43.6228392,11.4697268
Shickmann,New York,,,,,,no,,40.7127281,-74.0060152
Silberman,New York,1938-,1.0,,,,A,http://catalogo.fondazionezeri.unibo.it/ricerca.v2.jsp?decorator=layout_resp&apply=true&percorso_ricerca=OA&sortby=LOCALIZZAZIONE&batch=10&view=list&locale=it&PVCS_PVCR_PVCP_PVCC_PVCL_LDCN_PRVS_PRVR_PRVP_PRVC_PRVL_PRCD=Silberman,40.7127281,-74.0060152
Silbernagl Volker,Milano,,1.0,,,,A,,45.4641943,9.1896346
Silvestri,Milano,,1.0,,,,A,http://catalogo.fondazionezeri.unibo.it/ricerca.v2.jsp?decorator=layout_resp&apply=true&percorso_ricerca=OA&sortby=LOCALIZZAZIONE&batch=10&view=list&locale=it&PVCS_PVCR_PVCP_PVCC_PVCL_LDCN_PRVS_PRVR_PRVP_PRVC_PRVL_PRCD=Silvestri,45.4641943,9.1896346
Sirén,Stoccolma,,1.0,,,,A,http://catalogo.fondazionezeri.unibo.it/ricerca.v2.jsp?decorator=layout_resp&apply=true&percorso_ricerca=OA&sortby=LOCALIZZAZIONE&batch=10&view=list&locale=it&PVCS_PVCR_PVCP_PVCC_PVCL_LDCN_PRVS_PRVR_PRVP_PRVC_PRVL_PRCD=Siren&page=1&filtroprovenienza_OA=8178%7C132,59.3251172,18.0710935
Smith,New York,CASO COMPLICATO,1.0,,,,A,http://catalogo.fondazionezeri.unibo.it/ricerca.v2.jsp?decorator=layout_resp&apply=true&percorso_ricerca=OA&sortby=LOCALIZZAZIONE&batch=10&view=list&locale=it&PVCS_PVCR_PVCP_PVCC_PVCL_LDCN_PRVS_PRVR_PRVP_PRVC_PRVL_PRCD=Smith,40.7127281,-74.0060152
Smith,Worcester (Mass.),CASO COMPLICATO,1.0,,,,A,http://catalogo.fondazionezeri.unibo.it/ricerca.v2.jsp?decorator=layout_resp&apply=true&percorso_ricerca=OA&sortby=LOCALIZZAZIONE&batch=10&view=list&locale=it&PVCS_PVCR_PVCP_PVCC_PVCL_LDCN_PRVS_PRVR_PRVP_PRVC_PRVL_PRCD=Smith&page=1&filtrolocalizzazione_OA=8174%7C76,42.2625621,-71.8018877
Spada Silvano,Roma,-,1.0,,,,A,,41.8933203,12.4829321
"Spark, Victor",New York,,1.0,,,,A,http://catalogo.fondazionezeri.unibo.it/ricerca.v2.jsp?decorator=layout_resp&apply=true&percorso_ricerca=OA&sortby=LOCALIZZAZIONE&batch=10&view=list&locale=it&PVCS_PVCR_PVCP_PVCC_PVCL_LDCN_PRVS_PRVR_PRVP_PRVC_PRVL_PRCD=Spark,40.7127281,-74.0060152
Speck von Sternburg,Luetzschena,1807-?,1.0,,,,A,,51.3832549,12.2807401
"Speelman, Edward Joseph",Londra,1935-1973,1.0,,,,A,http://catalogo.fondazionezeri.unibo.it/ricerca.v2.jsp?decorator=layout_resp&apply=true&percorso_ricerca=OA&sortby=LOCALIZZAZIONE&batch=10&view=list&locale=it&PVCS_PVCR_PVCP_PVCC_PVCL_LDCN_PRVS_PRVR_PRVP_PRVC_PRVL_PRCD=E.+Speelman,51.5073219,-0.1276474
Spinelli,Firenze,,1.0,,,,A,http://catalogo.fondazionezeri.unibo.it/ricerca.v2.jsp?decorator=layout_resp&apply=true&percorso_ricerca=OA&sortby=LOCALIZZAZIONE&batch=10&view=list&locale=it&PVCS_PVCR_PVCP_PVCC_PVCL_LDCN_PRVS_PRVR_PRVP_PRVC_PRVL_PRCD=Collezione+S.+Spinelli,43.7698712,11.2555757
Spink,Londra,1666 (?)-,1.0,,,,A,http://catalogo.fondazionezeri.unibo.it/ricerca.v2.jsp?decorator=layout_resp&apply=true&percorso_ricerca=OA&sortby=LOCALIZZAZIONE&batch=10&view=list&locale=it&PVCS_PVCR_PVCP_PVCC_PVCL_LDCN_PRVS_PRVR_PRVP_PRVC_PRVL_PRCD=Spink,51.5073219,-0.1276474
Spiridon,Roma,-1929,1.0,,,,A,http://catalogo.fondazionezeri.unibo.it/ricerca.v2.jsp?decorator=layout_resp&apply=true&percorso_ricerca=OA&sortby=LOCALIZZAZIONE&batch=10&view=list&locale=it&PVCS_PVCR_PVCP_PVCC_PVCL_LDCN_PRVS_PRVR_PRVP_PRVC_PRVL_PRCD=Spiridon,41.8933203,12.4829321
Stanley Simon,New York,,1.0,,,,A,http://catalogo.fondazionezeri.unibo.it/ricerca.v2.jsp?decorator=layout_resp&apply=true&percorso_ricerca=OA&sortby=LOCALIZZAZIONE&batch=10&view=list&locale=it&PVCS_PVCR_PVCP_PVCC_PVCL_LDCN_PRVS_PRVR_PRVP_PRVC_PRVL_PRCD=Collezione%20Simon&page=1&filtroprovenienza_OA=8141%7C1190,40.7127281,-74.0060152
Stanza del Borgo,Milano,1967-,1.0,,,,A,http://catalogo.fondazionezeri.unibo.it/ricerca.v2.jsp?decorator=layout_resp&apply=true&percorso_ricerca=OA&sortby=LOCALIZZAZIONE&batch=10&view=list&locale=it&PVCS_PVCR_PVCP_PVCC_PVCL_LDCN_PRVS_PRVR_PRVP_PRVC_PRVL_PRCD=Stanza+del+Borgo,45.4641943,9.1896346
Steffanoni,Bergamo,,1.0,,,,A,http://catalogo.fondazionezeri.unibo.it/ricerca.v2.jsp?decorator=layout_resp&apply=true&percorso_ricerca=OA&sortby=LOCALIZZAZIONE&batch=10&view=list&locale=it&PVCS_PVCR_PVCP_PVCC_PVCL_LDCN_PRVS_PRVR_PRVP_PRVC_PRVL_PRCD=Steffanoni,45.756655699999996,9.754219200862249
Stein,Parigi,,1.0,,,,A,http://catalogo.fondazionezeri.unibo.it/ricerca.v2.jsp?decorator=layout_resp&apply=true&percorso_ricerca=OA&sortby=LOCALIZZAZIONE&batch=10&view=list&locale=it&PVCS_PVCR_PVCP_PVCC_PVCL_LDCN_PRVS_PRVR_PRVP_PRVC_PRVL_PRCD=Stein,48.8588897,2.3200410217200766
Sterbini,Roma,,1.0,,,,A,http://catalogo.fondazionezeri.unibo.it/ricerca.v2.jsp?decorator=layout_resp&apply=true&percorso_ricerca=OA&sortby=LOCALIZZAZIONE&batch=10&view=list&locale=it&PVCS_PVCR_PVCP_PVCC_PVCL_LDCN_PRVS_PRVR_PRVP_PRVC_PRVL_PRCD=Sterbini,41.8933203,12.4829321
Stern,New York (e Parigi,,1.0,,,,A,http://catalogo.fondazionezeri.unibo.it/ricerca.v2.jsp?decorator=layout_resp&apply=true&percorso_ricerca=OA&sortby=LOCALIZZAZIONE&batch=10&view=list&locale=it&PVCS_PVCR_PVCP_PVCC_PVCL_LDCN_PRVS_PRVR_PRVP_PRVC_PRVL_PRCD=Stern,48.8580199,2.288251
Sternheim,Amsterdam,,1.0,,,,A,http://catalogo.fondazionezeri.unibo.it/ricerca.v2.jsp?decorator=layout_resp&apply=true&percorso_ricerca=OA&sortby=LOCALIZZAZIONE&batch=100&view=list&locale=it&PVCS_PVCR_PVCP_PVCC_PVCL_LDCN_PRVS_PRVR_PRVP_PRVC_PRVL_PRCD=Sternheim,52.3727598,4.8936041
Store,New York,,1.0,,,,A,,40.7127281,-74.0060152
Straus,New York,1896-1944,1.0,,,,A,http://catalogo.fondazionezeri.unibo.it/ricerca.v2.jsp?batch=100&page=1&view=list&sortby=LOCALIZZAZIONE&decorator=layout_resp&apply=true&percorso_ricerca=OA&locale=it&PVCS_PVCR_PVCP_PVCC_PVCL_LDCN_PRVS_PRVR_PRVP_PRVC_PRVL_PRCD=Straus,40.7127281,-74.0060152
Stroganoff,Roma,?-1910,1.0,,,,A,http://catalogo.fondazionezeri.unibo.it/ricerca.v2.jsp?decorator=layout_resp&apply=true&percorso_ricerca=OA&sortby=LOCALIZZAZIONE&batch=10&view=list&locale=it&PVCS_PVCR_PVCP_PVCC_PVCL_LDCN_PRVS_PRVR_PRVP_PRVC_PRVL_PRCD=Stroganoff,41.8933203,12.4829321
Studio d'Arte Sigillo di Bruno Giroldi,Losone (Svizzera),,1.0,,,,A (laboratorio di restauro?),,46.1679841,8.7633619
Suida (Manning),New York,,1.0,,,,A,http://catalogo.fondazionezeri.unibo.it/ricerca.v2.jsp?decorator=layout_resp&apply=true&percorso_ricerca=OA&sortby=LOCALIZZAZIONE&batch=10&view=list&locale=it&PVCS_PVCR_PVCP_PVCC_PVCL_LDCN_PRVS_PRVR_PRVP_PRVC_PRVL_PRCD=Suida,40.7127281,-74.0060152
Sumàri,Budapest,,1.0,,,,A,http://catalogo.fondazionezeri.unibo.it/ricerca.v2.jsp?decorator=layout_resp&apply=true&percorso_ricerca=OA&sortby=LOCALIZZAZIONE&batch=10&view=list&locale=it&PVCS_PVCR_PVCP_PVCC_PVCL_LDCN_PRVS_PRVR_PRVP_PRVC_PRVL_PRCD=Sumari,47.4979937,19.0403594
Taccani,Milano,,1.0,,,,A,http://catalogo.fondazionezeri.unibo.it/ricerca.v2.jsp?decorator=layout_resp&apply=true&percorso_ricerca=OA&sortby=LOCALIZZAZIONE&batch=50&view=list&locale=it&PVCS_PVCR_PVCP_PVCC_PVCL_LDCN_PRVS_PRVR_PRVP_PRVC_PRVL_PRCD=Taccani,45.4641943,9.1896346
Tagliavini,Bologna,,1.0,,,,A,,44.4938203,11.3426327
"Tazzoli, Mario",Milano,,1.0,,,,A,http://catalogo.fondazionezeri.unibo.it/scheda/opera/86142/Ruoppolo%20Giovan%20Battista%2C%20Natura%20morta%20con%20interno%20di%20dispensa,45.4641943,9.1896346
Terzi,Milano,,1.0,,,,A,http://catalogo.fondazionezeri.unibo.it/scheda/opera/71749/Anonimo%20sec.%20XVIII%2C%20Madonna%20con%20Bambino%2C%20santa%20Caterina%20d%27Alessandria%2C%20san%20Carlo%20Borromeo%20e%20san%20Giovanni%20vescovo%20di%20Bergamo,45.4641943,9.1896346
Tinazzi,Verona,,1.0,,,,A,,45.4384958,10.9924122
Toffano,Montagnana (PD),-,1.0,,,,A,,45.2333207,11.4657779
Tolentino,Firenze,(-1920) vendita tolentino,1.0,,,,A,http://catalogo.fondazionezeri.unibo.it/ricerca.v2.jsp?decorator=layout_resp&apply=true&percorso_ricerca=OA&sortby=LOCALIZZAZIONE&batch=50&view=list&locale=it&PVCS_PVCR_PVCP_PVCC_PVCL_LDCN_PRVS_PRVR_PRVP_PRVC_PRVL_PRCD=Collezione%20Tolentino&page=1&filtroprovenienza_OA=4531%7C929,43.7698712,11.2555757
Toscanelli,Pontedera,,1.0,,,,A,http://catalogo.fondazionezeri.unibo.it/ricerca.v2.jsp?decorator=layout_resp&apply=true&percorso_ricerca=OA&sortby=LOCALIZZAZIONE&batch=50&view=list&locale=it&PVCS_PVCR_PVCP_PVCC_PVCL_LDCN_PRVS_PRVR_PRVP_PRVC_PRVL_PRCD=Toscanelli&page=1&filtroprovenienza_OA=4726%7C10362,43.6634536,10.6354851
Toscano,Roma,,1.0,,,,A,,41.8933203,12.4829321
Trafalgar Galleries,Londra,1956-,1.0,,,,A,http://catalogo.fondazionezeri.unibo.it/ricerca.v2.jsp?decorator=layout_resp&apply=true&percorso_ricerca=OA&sortby=LOCALIZZAZIONE&batch=50&view=list&locale=it&PVCS_PVCR_PVCP_PVCC_PVCL_LDCN_PRVS_PRVR_PRVP_PRVC_PRVL_PRCD=Trafalgar+Galleries,51.5073219,-0.1276474
Trotti Avogli René,Parigi,1898/1902-1946,1.0,,,,A,http://catalogo.fondazionezeri.unibo.it/ricerca.v2.jsp?batch=50&page=1&view=list&sortby=LOCALIZZAZIONE&decorator=layout_resp&apply=true&percorso_ricerca=OA&locale=it&PVCS_PVCR_PVCP_PVCC_PVCL_LDCN_PRVS_PRVR_PRVP_PRVC_PRVL_PRCD=Trotti,48.8588897,2.3200410217200766
Ulmann,Francoforte,,1.0,,,,A,,50.1106444,8.6820917
Untermeyer,New York,1912-1973,1.0,,,,A,http://catalogo.fondazionezeri.unibo.it/ricerca.v2.jsp?decorator=layout_resp&apply=true&percorso_ricerca=OA&sortby=LOCALIZZAZIONE&batch=10&view=list&locale=it&PVCS_PVCR_PVCP_PVCC_PVCL_LDCN_PRVS_PRVR_PRVP_PRVC_PRVL_PRCD=Untermeyer,40.7127281,-74.0060152
Valente,Asti,1970-,1.0,,,,A,http://catalogo.fondazionezeri.unibo.it/ricerca.v2.jsp?decorator=layout_resp&apply=true&percorso_ricerca=OA&sortby=LOCALIZZAZIONE&batch=10&view=list&locale=it&PVCS_PVCR_PVCP_PVCC_PVCL_LDCN_PRVS_PRVR_PRVP_PRVC_PRVL_PRCD=Valente+Antichit%C3%A0,44.826012649999996,8.202686328987273
Valls Rafael,Londra,1976-,1.0,,,,A,DA FILTRARE http://catalogo.fondazionezeri.unibo.it/ricerca.v2.jsp?decorator=layout_resp&apply=true&percorso_ricerca=OA&sortby=LOCALIZZAZIONE&batch=10&view=list&locale=it&PVCS_PVCR_PVCP_PVCC_PVCL_LDCN_PRVS_PRVR_PRVP_PRVC_PRVL_PRCD=Valls,51.5073219,-0.1276474
Valsania,Roma,,1.0,,,,A,,41.8933203,12.4829321
Van Heek,s’Heerenberg,1912-1957,1.0,,,,A,http://catalogo.fondazionezeri.unibo.it/ricerca.v2.jsp?decorator=layout_resp&apply=true&percorso_ricerca=OA&sortby=LOCALIZZAZIONE&batch=10&view=list&locale=it&PVCS_PVCR_PVCP_PVCC_PVCL_LDCN_PRVS_PRVR_PRVP_PRVC_PRVL_PRCD=Collezione+J.H.+Van+Heek,51.8779448,6.2548363
Van Marle R.,Perugia,,1.0,,,,A,http://catalogo.fondazionezeri.unibo.it/ricerca.v2.jsp?decorator=layout_resp&apply=true&percorso_ricerca=OA&sortby=LOCALIZZAZIONE&batch=10&view=list&locale=it&PVCS_PVCR_PVCP_PVCC_PVCL_LDCN_PRVS_PRVR_PRVP_PRVC_PRVL_PRCD=Collezione+Van+Marle,43.1070321,12.402996209906487
Vangelisti Bruno,Lucca,1943 - ? (dal 1946 casa d'aste),1.0,,,,A - o CA,,44.017763900000006,10.454430026192636
Vangelli Piergabriele (figlio Raoul),Londra,"Rome, nato 1958) ",1.0,,,,A,,51.5073219,-0.1276474
Vangelli Raoul,Roma,,1.0,,,,A,http://catalogo.fondazionezeri.unibo.it/ricerca.v2.jsp?decorator=layout_resp&apply=true&percorso_ricerca=OA&sortby=LOCALIZZAZIONE&batch=10&view=list&locale=it&PVCS_PVCR_PVCP_PVCC_PVCL_LDCN_PRVS_PRVR_PRVP_PRVC_PRVL_PRCD=Vangelli,41.8933203,12.4829321
Veneziani V.,Roma,,1.0,,,,A,http://catalogo.fondazionezeri.unibo.it/ricerca.v2.jsp?decorator=layout_resp&apply=true&percorso_ricerca=OA&sortby=LOCALIZZAZIONE&batch=10&view=list&locale=it&PVCS_PVCR_PVCP_PVCC_PVCL_LDCN_PRVS_PRVR_PRVP_PRVC_PRVL_PRCD=V.+Veneziani,41.8933203,12.4829321
Ventura Eugenio,Firenze,,1.0,,,,A,,43.7698712,11.2555757
Ventura P.,Firenze,,1.0,,,,A,http://catalogo.fondazionezeri.unibo.it/ricerca.v2.jsp?decorator=layout_resp&apply=true&percorso_ricerca=OA&sortby=LOCALIZZAZIONE&batch=10&view=list&locale=it&PVCS_PVCR_PVCP_PVCC_PVCL_LDCN_PRVS_PRVR_PRVP_PRVC_PRVL_PRCD=ventura&page=1&filtroprovenienza_OA=4950%7C4231,43.7698712,11.2555757
Verga D.,Crema,,1.0,,,,A,,45.362828,9.6874573
Vezzoli,Firenze,,1.0,,,,A,,43.7698712,11.2555757
Viancini Ettore,Venezia,,1.0,,,,A,http://catalogo.fondazionezeri.unibo.it/ricerca.v2.jsp?decorator=layout_resp&apply=true&percorso_ricerca=OA&sortby=LOCALIZZAZIONE&batch=10&view=list&locale=it&PVCS_PVCR_PVCP_PVCC_PVCL_LDCN_PRVS_PRVR_PRVP_PRVC_PRVL_PRCD=Viancini,45.4371908,12.3345898
Viligiardi,Siena,,1.0,,,,A,http://catalogo.fondazionezeri.unibo.it/ricerca.v2.jsp?decorator=layout_resp&apply=true&percorso_ricerca=OA&sortby=LOCALIZZAZIONE&batch=10&view=list&locale=it&PVCS_PVCR_PVCP_PVCC_PVCL_LDCN_PRVS_PRVR_PRVP_PRVC_PRVL_PRCD=Collezione+Viligiardi,43.1672254,11.467181161339118
Violante Marcello,Londra,,1.0,,,,A,http://catalogo.fondazionezeri.unibo.it/ricerca.v2.jsp?decorator=layout_resp&apply=true&percorso_ricerca=OA&sortby=LOCALIZZAZIONE&batch=10&view=list&locale=it&PVCS_PVCR_PVCP_PVCC_PVCL_LDCN_PRVS_PRVR_PRVP_PRVC_PRVL_PRCD=Violante&page=1&filtroprovenienza_OA=8109%7C9713,51.5073219,-0.1276474
Virgilio Carlo,Roma,1979-,1.0,,,,A,http://catalogo.fondazionezeri.unibo.it/ricerca.v2.jsp?decorator=layout_resp&apply=true&percorso_ricerca=OA&sortby=LOCALIZZAZIONE&batch=10&view=list&locale=it&PVCS_PVCR_PVCP_PVCC_PVCL_LDCN_PRVS_PRVR_PRVP_PRVC_PRVL_PRCD=Galleria+Carlo+Virgilio,41.8933203,12.4829321
Robilant (Edmondo)/Voena (Marco),Londra  ,1999-,1.0,,,,A,,51.5073219,-0.1276474
Voena,Torino,1989-,1.0,,,,A,http://catalogo.fondazionezeri.unibo.it/ricerca.v2.jsp?decorator=layout_resp&apply=true&percorso_ricerca=OA&sortby=LOCALIZZAZIONE&batch=10&view=list&locale=it&PVCS_PVCR_PVCP_PVCC_PVCL_LDCN_PRVS_PRVR_PRVP_PRVC_PRVL_PRCD=Voena,45.0677551,7.6824892
Volpi Elia,Firenze,,1.0,,,,A,http://catalogo.fondazionezeri.unibo.it/ricerca.v2.jsp?decorator=layout_resp&apply=true&percorso_ricerca=OA&sortby=LOCALIZZAZIONE&batch=10&view=list&locale=it&PVCS_PVCR_PVCP_PVCC_PVCL_LDCN_PRVS_PRVR_PRVP_PRVC_PRVL_PRCD=E.+Volpi,43.7698712,11.2555757
"Vom Rath, J.W. Edwin",Amsterdam,-1940,1.0,,,,A,http://catalogo.fondazionezeri.unibo.it/ricerca.v2.jsp?decorator=layout_resp&apply=true&percorso_ricerca=OA&sortby=LOCALIZZAZIONE&batch=10&view=list&locale=it&PVCS_PVCR_PVCP_PVCC_PVCL_LDCN_PRVS_PRVR_PRVP_PRVC_PRVL_PRCD=Collezione+vom+Rath,52.3727598,4.8936041
Von Mallmann,Berlino,,1.0,,,,A,,52.5170365,13.3888599
Wagner H.,Londra,,1.0,,,,A,http://catalogo.fondazionezeri.unibo.it/ricerca.v2.jsp?view=gallery&batch=100&sortby=LOCALIZZAZIONE&page=1&decorator=layout_resp&apply=true&percorso_ricerca=OA&locale=it&PVCS_PVCR_PVCP_PVCC_PVCL_LDCN_PRVS_PRVR_PRVP_PRVC_PRVL_PRCD=H.+Wagner,51.5073219,-0.1276474
Walpole,Londra,XVIIIsec- ??,,,,,,,51.5073219,-0.1276474
Walpole,Londra,1980ca-,1.0,,,,A,http://catalogo.fondazionezeri.unibo.it/ricerca.v2.jsp?batch=100&page=1&view=list&sortby=LOCALIZZAZIONE&decorator=layout_resp&apply=true&percorso_ricerca=OA&locale=it&PVCS_PVCR_PVCP_PVCC_PVCL_LDCN_PRVS_PRVR_PRVP_PRVC_PRVL_PRCD=Walpole+Gallery,51.5073219,-0.1276474
Ward,Londra,,1.0,,,,A,http://catalogo.fondazionezeri.unibo.it/ricerca.v2.jsp?batch=50&page=1&view=list&sortby=LOCALIZZAZIONE&decorator=layout_resp&apply=true&percorso_ricerca=OA&locale=it&PVCS_PVCR_PVCP_PVCC_PVCL_LDCN_PRVS_PRVR_PRVP_PRVC_PRVL_PRCD=Ward,51.5073219,-0.1276474
Weddingham,Londra,,1.0,,,,A,,51.5073219,-0.1276474
Weiner,San Pietroburgo,P.P. Weiner ?,1.0,,,,A,,59.938732,30.316229
Weinmüller,Monaco di Baviera,Adolf (1921-1958),1.0,,,,A,http://catalogo.fondazionezeri.unibo.it/ricerca.v2.jsp?decorator=layout_resp&apply=true&percorso_ricerca=OA&sortby=LOCALIZZAZIONE&batch=10&view=list&locale=it&PVCS_PVCR_PVCP_PVCC_PVCL_LDCN_PRVS_PRVR_PRVP_PRVC_PRVL_PRCD=Weinm%C3%BCller,48.1371079,11.5753822
Weitzner,Londra,Julius H. Weizner (late 20s-1986),1.0,,,,A,http://catalogo.fondazionezeri.unibo.it/ricerca.v2.jsp?decorator=layout_resp&apply=true&percorso_ricerca=OA&sortby=LOCALIZZAZIONE&batch=10&view=list&locale=it&PVCS_PVCR_PVCP_PVCC_PVCL_LDCN_PRVS_PRVR_PRVP_PRVC_PRVL_PRCD=Weitzner,51.5073219,-0.1276474
Wendland,Parigi,Hans (1880-1965),1.0,,,,A,http://catalogo.fondazionezeri.unibo.it/ricerca.v2.jsp?decorator=layout_resp&apply=true&percorso_ricerca=OA&sortby=LOCALIZZAZIONE&batch=10&view=list&locale=it&PVCS_PVCR_PVCP_PVCC_PVCL_LDCN_PRVS_PRVR_PRVP_PRVC_PRVL_PRCD=Wendland,48.8588897,2.3200410217200766
Wengraf,Londra,(Patricia 1979-),1.0,,,,A,http://catalogo.fondazionezeri.unibo.it/ricerca.v2.jsp?batch=100&page=1&view=list&sortby=LOCALIZZAZIONE&decorator=layout_resp&apply=true&percorso_ricerca=OA&locale=it&PVCS_PVCR_PVCP_PVCC_PVCL_LDCN_PRVS_PRVR_PRVP_PRVC_PRVL_PRCD=Wengraf,51.5073219,-0.1276474
Wertheimer,Berlino ,,1.0,,,,A,http://catalogo.fondazionezeri.unibo.it/ricerca.v2.jsp?decorator=layout_resp&apply=true&percorso_ricerca=OA&sortby=LOCALIZZAZIONE&batch=100&view=list&locale=it&PVCS_PVCR_PVCP_PVCC_PVCL_LDCN_PRVS_PRVR_PRVP_PRVC_PRVL_PRCD=Wertheimer,52.5170365,13.3888599
Wildenstein,Parigi,,1.0,,,,A,http://catalogo.fondazionezeri.unibo.it/ricerca.v2.jsp?batch=100&page=1&view=list&sortby=LOCALIZZAZIONE&decorator=layout_resp&apply=true&percorso_ricerca=OA&locale=it&PVCS_PVCR_PVCP_PVCC_PVCL_LDCN_PRVS_PRVR_PRVP_PRVC_PRVL_PRCD=Wildenstein,48.8588897,2.3200410217200766
Wildenstein,New York (dal 1903),1903-2010(?),1.0,,,,A,http://catalogo.fondazionezeri.unibo.it/ricerca.v2.jsp?batch=100&page=1&view=list&sortby=LOCALIZZAZIONE&decorator=layout_resp&apply=true&percorso_ricerca=OA&locale=it&PVCS_PVCR_PVCP_PVCC_PVCL_LDCN_PRVS_PRVR_PRVP_PRVC_PRVL_PRCD=Wildenstein,-34.2616246,-71.3777057
Wilkins,Firenze,-1935,1.0,,,,A,http://catalogo.fondazionezeri.unibo.it/ricerca.v2.jsp?decorator=layout_resp&apply=true&percorso_ricerca=OA&sortby=LOCALIZZAZIONE&batch=10&view=list&locale=it&PVCS_PVCR_PVCP_PVCC_PVCL_LDCN_PRVS_PRVR_PRVP_PRVC_PRVL_PRCD=Wilkins,43.7698712,11.2555757
Wimpftheimer,New York,-1935,1.0,,,,A,,40.7127281,-74.0060152
Withfield,Londra,1979-,1.0,,,,A,,51.5073219,-0.1276474
Woodburn,Londra,1782-?,1.0,,,,A,http://catalogo.fondazionezeri.unibo.it/ricerca.v2.jsp?decorator=layout_resp&apply=true&percorso_ricerca=OA&sortby=LOCALIZZAZIONE&batch=100&view=list&locale=it&PVCS_PVCR_PVCP_PVCC_PVCL_LDCN_PRVS_PRVR_PRVP_PRVC_PRVL_PRCD=Woodburn,51.5073219,-0.1276474
Wyer ,Worcester (Mass.),doc. 1920s,1.0,,,,A,,42.2625621,-71.8018877
Zabert,Torino,1926- (con Gilberto),1.0,,,,A,http://catalogo.fondazionezeri.unibo.it/ricerca.v2.jsp?batch=100&page=1&view=list&sortby=LOCALIZZAZIONE&decorator=layout_resp&apply=true&percorso_ricerca=OA&locale=it&PVCS_PVCR_PVCP_PVCC_PVCL_LDCN_PRVS_PRVR_PRVP_PRVC_PRVL_PRCD=G.+Zabert,45.0677551,7.6824892
Zamboni,Reggio Emilia,-,1.0,,,,A,,44.608664,10.594796841892734
Zanazzo,Roma,,1.0,,,,A,,41.8933203,12.4829321
Zen,Milano,1881-,1.0,,,,A,,45.4641943,9.1896346
Zenta Gallery,Tokyo,,1.0,,,,A,,35.6828387,139.7594549
Zimot (? Vedi sotto),New York,,1.0,,,,A,,40.7127281,-74.0060152
"Zimet, Martin J.",New York,1980ca-2020,1.0,,,,A,,40.7127281,-74.0060152
